dataset,encounter_id,dialogue,note,gem_ai_notes_generated,gem_ai_note_post_processed
virtassist,D2N001,"[doctor] hi , martha . how are you ?
[patient] i'm doing okay . how are you ?
[doctor] i'm doing okay . so , i know the nurse told you about dax . i'd like to tell dax a little bit about you , okay ?
[patient] okay .
[doctor] martha is a 50-year-old female with a past medical history significant for congestive heart failure , depression and hypertension who presents for her annual exam . so , martha , it's been a year since i've seen you . how are you doing ?
[patient] i'm doing well . i've been traveling a lot recently since things have , have gotten a bit lighter . and i got my , my vaccine , so i feel safer about traveling . i've been doing a lot of hiking . uh , went to washington last weekend to hike in northern cascades, like around the mount baker area .
[doctor] nice . that's great . i'm glad to hear that you're staying active , you know . i , i just love this weather . i'm so happy the summer is over . i'm definitely more of a fall person .
[patient] yes , fall foliage is the best .
[doctor] yeah . um , so tell me , how are you doing with the congestive heart failure ? how are you doing watching your diet ? i know we've talked about watching a low sodium diet . are you doing okay with that ?
[patient] i've been doing well with that . i resisted , as much , as i could , from the tater tots , you know , the soft pretzels , the salty foods that i , i love to eat . and i've been doing a really good job .
[doctor] okay , all right . well , i'm glad to hear that . and you're taking your medication ?
[patient] yes .
[doctor] okay , good . and any symptoms like chest pains , shortness of breath , any swelling in your legs ?
[patient] no , not that i've noticed .
[doctor] okay , all right . and then in terms of your depression , i know that we tried to stay off of medication in the past because you're on medications for your other problems . how are you doing ? and i know that you enrolled into therapy . is that helping ? or-
[patient] yeah , it's been helping a lot . i've been going every week , um , for the past year since my last annual exam . and that's been really helpful for me .
[doctor] okay . so , no , no issues , no feelings of wanting to harm yourself or hurt others ?
[patient] no , nothing like that .
[doctor] okay , all right . and then in terms of your high blood pressure , i know that you and i have kind of battled in the past with you remembering to take some of your blood pressure medications . how are you doing with that ?
[patient] i'm still forgetting to take my blood pressure medication . and i've noticed when work gets more stressful , my blood pressure goes up .
[doctor] okay . and , and so how has work going for you ?
[patient] it's been okay . it's been a lot of long hours , late nights . a lot of , um , you know , fiscal year end data that i've been having to pull . so , a lot of responsibility , which is good . but with the responsibility comes the stress .
[doctor] yeah , okay , all right . i understand . um , all right . well , i know that you did a review of system sheet when you checked in with the nurse . i know that you were endorsing some nasal congestion from some of the fall pollen and allergies . any other symptoms , nausea or vomiting , abdominal pain , anything like that ?
[patient] no , nothing like that .
[doctor] no , okay , all right . well , i'm gon na go ahead and do a quick physical exam , okay ?
[patient] okay .
[doctor] hey , dragon , show me the blood pressure . so , yeah , looking at your blood pressure today here in the office , it is a little elevated . you know , it could just , you could just be nervous . uh , let's look at some of the past readings . hey , dragon , show me the blood pressure readings . hey , dragon , show me the blood pressure readings . here we go . uh , so they are running on the higher side . um , y- you know , i , i do think that , you know , i'd like to see you take your medication a little bit more , so that we can get that under control a little bit better , okay ?
[patient] okay .
[doctor] so , i'm just gon na check out your heart and your lungs . and you know , let you know what i find , okay ?
[patient] okay .
[doctor] okay . so , on your physical examination , you know , everything looks good . on your heart exam , i do appreciate a three out of six systolic ejection murmur , which i've heard in the past , okay ? and on your lower extremities , i do appreciate one plus pitting edema , so you do have a little bit of fluid in your legs , okay ?
[patient] okay .
[doctor] let's go ahead , i wan na look at some of your results , okay ? hey , dragon , show me the echocardiogram . so , this is the result of the echocardiogram that we did last year . it showed that you have that low-ish pumping function of your heart at about 45 % . and it also sh- shows some mitral regurgitation , that's that heart murmur that i heard , okay ?
[doctor] um , hey , dragon , show me the lipid panel . so , looking at your lipid panel from last year , you know , everything , your cholesterol was like , a tiny bit high . but it was n't too , too bad , so i know you're trying to watch your diet . so , we'll repeat another one this year , okay ?
[patient] okay .
[doctor] um , so i wan na just go over a little bit about my assessment and my plan for you , okay ? so , for your first problem your congestive heart failure , um , i wan na continue you on your current medications . but i do wan na increase your lisinopril to 40 milligrams a day , just because your blood pressure's high . and you know , you are retaining a little bit of fluid . i also wan na start you on some lasix , you know , 20 milligrams a day . and have you continue to watch your , your diet , okay ?
[patient] okay .
[doctor] i also wan na repeat another echocardiogram , okay ?
[patient] all right .
[doctor] hey , dragon , order an echocardiogram . from a depression standpoint , it sounds like you're doing really well with that . so , i'm , i'm really happy for you . i'm , i'm glad to see that you're in therapy and you're doing really well . i do n't feel the need to start you on any medications this year , unless you feel differently .
[patient] no , i feel the same way .
[doctor] okay , all right . and then for your last problem your hypertension , you know , again i , i , i think it's out of control . but we'll see , i think , you know , i'd like to see you take the lisinopril as directed , okay ? uh , i want you to record your blood pressures within the patient , you know , take your blood pressure every day . record them to me for like , about a week , so i have to see if we have to add another agent , okay ? 'cause we need to get that under better control for your heart failure to be more successful , okay ?
[patient] okay .
[doctor] do you have any questions ? , and i forgot . for your annual exam , you're due for a mammogram , so we have to schedule for that , as well , okay ?
[patient] okay .
[doctor] okay . do you have any questions ?
[patient] can i take all my pills at the same time ?
[doctor] yeah .
[patient] 'cause i've been trying to take them at different times of the day , 'cause i did n't know if it was bad to take them all at once or i should separate them . i do n't know .
[doctor] yeah . you can certainly take them , you know , all at the same time , as long , as yeah , they're all one scale . you can take them all at the same time . just set an alarm-
[patient] okay .
[doctor] . some time during the day to take them , okay ?
[patient] that might help me remember better .
[doctor] all right . that sounds good . all right , well , it's good to see you .
[patient] good seeing you too .
[doctor] hey , dragon , finalize the note .","CHIEF COMPLAINT

Annual exam.

HISTORY OF PRESENT ILLNESS

Martha Collins is a 50-year-old female with a past medical history significant for congestive heart failure, depression, and hypertension who presents for her annual exam. It has been a year since I last saw the patient.

The patient has been traveling a lot recently since things have gotten a bit better. She reports that she got her COVID-19 vaccine so she feels safer about traveling. She has been doing a lot of hiking.

She reports that she is staying active. She has continued watching her diet and she is doing well with that. The patient states that she is avoiding salty foods that she likes to eat. She has continued utilizing her medications. The patient denies any chest pain, shortness of breath, or swelling in her legs.

Regarding her depression, she reports that she has been going to therapy every week for the past year. This has been really helpful for her. She denies suicidal or homicidal ideation.

The patient reports that she is still forgetting to take her blood pressure medication. She has noticed that when work gets more stressful, her blood pressure goes up. She reports that work has been going okay, but it has been a lot of long hours lately.

She endorses some nasal congestion from some of the fall allergies. She denies any other symptoms of nausea, vomiting, abdominal pain.

REVIEW OF SYSTEMS

• Ears, Nose, Mouth and Throat: Endorses nasal congestion from allergies.
• Cardiovascular: Denies chest pain or dyspnea on exertion.
• Respiratory: Denies shortness of breath.
• Gastrointestinal: Denies abdominal pain, nausea, or vomiting.
• Psychiatric: Endorses depression. Denies suicidal or homicidal ideations.

PHYSICAL EXAMINATION

• Cardiovascular: Grade 3/6 systolic ejection murmur.
1+ pitting edema of the bilateral lower extremities.

VITALS REVIEWED

• Blood Pressure: Elevated.

RESULTS

Echocardiogram demonstrates decreased ejection fraction of 45%. Mitral regurgitation is present.

Lipid panel: Elevated cholesterol.

ASSESSMENT AND PLAN

Martha Collins is a 50-year-old female with a past medical history significant for congestive heart failure, depression, and hypertension who presents for her annual exam.

Congestive heart failure.
• Medical Reasoning: She has been compliant with her medication and dietary modifications. Her previous year's echocardiogram demonstrated a reduced ejection fraction of 45%, as well as some mitral regurgitation. Her cholesterol levels were slightly elevated on her lipid panel from last year.
• Additional Testing: We will order a repeat echocardiogram. We will also repeat a lipid panel this year.
• Medical Treatment: She will continue with her current medications. We will increase her lisinopril to 40 mg daily and initiate Lasix 20 mg daily.
• Patient Education and Counseling: I encouraged her to continue with dietary modifications.

Depression.
• Medical Reasoning: She is doing well with weekly therapy.

Hypertension.
• Medical Reasoning: She has been compliant with dietary modifications but has been inconsistent with the use of her medication. She attributes elevations in her blood pressure to increased stress.
• Medical Treatment: We will increase her lisinopril to 40 mg daily as noted above.
• Patient Education and Counseling: I encouraged the patient to take her lisinopril as directed. I advised her to monitor her blood pressures at home for the next week and report them to me.

Healthcare maintenance.
• Medical Reasoning: The patient is due for her routine mammogram.
• Additional Testing: We will order a mammogram and have this scheduled for her.

Patient Agreements: The patient understands and agrees with the recommended medical treatment plan.
","CHIEF COMPLAINT
Annual physical examination.

HISTORY OF PRESENT ILLNESS
Martha is a 50-year-old female with a past medical history of congestive heart failure (CHF), depression, and hypertension who presents for her annual physical exam. 
- Congestive Heart Failure: Patient reports maintaining a low-sodium diet and resisting high-sodium foods such as tater tots and soft pretzels. She reports compliance with her heart failure medications. She denies chest pain or shortness of breath. She notes no perceived leg swelling (though 1+ pitting edema was noted on exam). 
- Hypertension: Patient reports ongoing difficulty with medication adherence, stating she still forgets to take her blood pressure medication. She reports increased blood pressure during periods of work stress, long hours, and pulling fiscal year-end data.
- Depression: Patient has been attending weekly therapy sessions over the past year since her last annual exam, which she reports is very helpful. She is not taking psychiatric medications. She denies any suicidal or homicidal ideation.

REVIEW OF SYSTEMS
- Respiratory/ENT: Endorses nasal congestion secondary to fall pollen and allergies.
- Cardiovascular: Denies chest pain. Denies shortness of breath.
- Gastrointestinal: Denies nausea, vomiting, or abdominal pain.

PHYSICAL EXAM
- Vitals: Blood pressure is elevated in the office today. Review of prior readings shows blood pressures running on the higher side.
- Heart: 3/6 systolic ejection murmur appreciated on auscultation (consistent with prior exams).
- Lungs: Clear/normal exam.
- Extremities: 1+ pitting edema appreciated in lower extremities.

RESULTS
- Echocardiogram (Prior): Showed a reduced ejection fraction of approximately 45% and mitral regurgitation.
- Lipid Panel (Prior): Cholesterol slightly elevated.

ASSESSMENT AND PLAN
1. Congestive Heart Failure (unspecified) (ICD-10: I50.9):
   - Assess: Mild fluid retention present with 1+ pitting edema; reduced EF (45%) on prior echo.
   - Treat: Increase Lisinopril to 40 mg PO daily. Start Lasix 20 mg PO daily. Patient advised she can take daily medications at the same time to aid compliance.
   - Evaluate/Monitor: Re-emphasized low-sodium diet. Repeat echocardiogram ordered.
2. Essential Hypertension (ICD-10: I10):
   - Assess: Uncontrolled, exacerbated by work stress and medication non-adherence. 
   - Treat: Increase Lisinopril to 40 mg daily. Encouraged patient to set daily alarms to improve adherence.
   - Evaluate/Monitor: Patient to record daily home blood pressure readings for one week and report back to evaluate the need for an additional antihypertensive agent.
3. Depression (unspecified) (ICD-10: F32.A):
   - Assess: Stable and well-managed with non-pharmacological therapy. Denies SI/HI.
   - Treat/Monitor: Continue weekly psychotherapy. No psychiatric medications indicated at this time.
4. Health Maintenance / Preventive Care (ICD-10: Z00.00):
   - Plan: Repeat lipid panel. Schedule annual screening mammogram.","CHIEF COMPLAINT
Annual physical examination.

HISTORY OF PRESENT ILLNESS
Martha is a 50-year-old female with a past medical history of congestive heart failure (CHF), depression, and hypertension who presents for her annual physical exam.
- Congestive Heart Failure: Patient reports maintaining a low-sodium diet and resisting high-sodium foods such as tater tots and soft pretzels. She reports compliance with her heart failure medications. She denies chest pain or shortness of breath. She notes no perceived leg swelling (though 1+ pitting edema was noted on exam).
- Hypertension: Patient reports ongoing difficulty with medication adherence, stating she still forgets to take her blood pressure medication. She reports increased blood pressure during periods of work stress, long hours, and pulling fiscal year-end data.
- Depression: Patient has been attending weekly therapy sessions over the past year since her last annual exam, which she reports is very helpful. She is not taking psychiatric medications. She denies any suicidal or homicidal ideation.

REVIEW OF SYSTEMS
- Respiratory/ENT: Endorses nasal congestion secondary to fall pollen and allergies.
- Cardiovascular: Denies chest pain. Denies shortness of breath.
- Gastrointestinal: Denies nausea, vomiting, or abdominal pain.

PHYSICAL EXAM
- Vitals: Blood pressure is elevated in the office today. Review of prior readings shows blood pressures running on the higher side.
- Heart: 3/6 systolic ejection murmur appreciated on auscultation (consistent with prior exams).
- Lungs: Clear/normal exam.
- Extremities: 1+ pitting edema appreciated in lower extremities.

RESULTS
- Echocardiogram (Prior): Showed a reduced ejection fraction of approximately 45% and mitral regurgitation.
- Lipid Panel (Prior): Cholesterol slightly elevated.

ASSESSMENT AND PLAN
1. Congestive Heart Failure (unspecified) (ICD-10: I50.9):
- Assess: Mild fluid retention present with 1+ pitting edema; reduced EF (45%) on prior echo.
- Treat: Increase Lisinopril to 40 mg PO daily. Start Lasix 20 mg PO daily. Patient advised she can take daily medications at the same time to aid compliance.
- Evaluate/Monitor: Re-emphasized low-sodium diet. Repeat echocardiogram ordered.
2. Essential Hypertension (ICD-10: I10):
- Assess: Uncontrolled, exacerbated by work stress and medication non-adherence.
- Treat: Increase Lisinopril to 40 mg daily. Encouraged patient to set daily alarms to improve adherence.
- Evaluate/Monitor: Patient to record daily home blood pressure readings for one week and report back to evaluate the need for an additional antihypertensive agent.
3. Depression (unspecified) (ICD-10: F32.A):
- Assess: Stable and well-managed with non-pharmacological therapy. Denies SI/HI.
- Treat/Monitor: Continue weekly psychotherapy. No psychiatric medications indicated at this time.
4. Health Maintenance / Preventive Care (ICD-10: Z00.00):
- Plan: Repeat lipid panel. Schedule annual screening mammogram."
virtassist,D2N002,"[doctor] hi , andrew , how are you ?
[patient] hi . good to see you .
[doctor] it's good to see you as well . so i know that the nurse told you about dax . i'd like to tell dax a little bit about you .
[patient] sure .
[doctor] okay ? so , andrew is a 62-year-old male with a past medical history significant for a kidney transplant , hypothyroidism , and arthritis , who presents today with complaints of joint pain . andrew , what's going on with your joint ? what happened ?
[patient] uh , so , over the the weekend , we've been moving boxes up and down our basements stairs , and by the end of the day my knees were just killing me .
[doctor] okay . is , is one knee worse than the other ?
[patient] equally painful .
[doctor] okay .
[patient] both of them .
[doctor] and did you , did you injure one of them ?
[patient] um , uh , i've had some knee problems in the past but i think it was just the repetition and the weight of the boxes .
[doctor] okay . all right . and , and what have you taken for the pain ?
[patient] a little tylenol . i iced them for a bit . nothing really seemed to help , though .
[doctor] okay . all right . um , and does it prevent you from doing , like , your activities of daily living , like walking and exercising and things like that ?
[patient] uh , saturday night it actually kept me up for a bit . they were pretty sore .
[doctor] mm-hmm . okay . and any other symptoms like fever or chills ?
[patient] no .
[doctor] joint pain ... i mean , like muscle aches ?
[patient] no .
[doctor] nausea , vomiting , diarrhea ?
[patient] no .
[doctor] anything like that ?
[patient] no .
[doctor] okay . all right . now , i know that you've had the kidney transplant a few years ago for some polycystic kidneys .
[patient] mm-hmm .
[doctor] um , how are you doing with that ? i know that you told dr. gutierrez-
[patient] mm .
[doctor] . a couple of weeks ago .
[patient] yes .
[doctor] everything's okay ?
[patient] so far , so good .
[doctor] all right . and you're taking your immunosuppressive medications ?
[patient] yes , i am .
[doctor] okay . all right . um , and did they have anything to say ? i have n't gotten any reports from them , so ...
[patient] no , n- nothing out of the ordinary , from what they reported .
[doctor] okay . all right . um , and in terms of your hyperthyroidism , how are you doing with the synthroid ? are you doing okay ?
[patient] uh , yes , i am .
[doctor] you're taking it regularly ?
[patient] on the clock , yes .
[doctor] yes . okay . and any fatigue ? weight gain ? anything like that that you've noticed ?
[patient] no , nothing out of the ordinary .
[doctor] okay . and just in general , you know , i know that we've kind of battled with your arthritis .
[patient] mm-hmm .
[doctor] you know , it's hard because you ca n't take certain medications 'cause of your kidney transplant .
[patient] sure .
[doctor] so other than your knees , any other joint pain or anything like that ?
[patient] every once in a while , my elbow , but nothing , nothing out of the ordinary .
[doctor] okay . all right . now i know the nurse did a review of systems sheet when you checked in . any other symptoms i might have missed ?
[patient] no .
[doctor] no headaches ?
[patient] no headaches .
[doctor] anything like that w- ... okay . all right . well , i wan na go ahead and do a quick physical exam , all right ? hey , dragon , show me the vital signs . so here in the office , your vital signs look good . you do n't have a fever , which is good .
[patient] mm-hmm .
[doctor] your heart rate and your , uh , blood pressure look fine . i'm just gon na check some things out , and i'll let you know what i find , okay ?
[patient] perfect .
[doctor] all right . does that hurt ?
[patient] a little bit . that's tender .
[doctor] okay , so on physical examination , on your heart exam , i do appreciate a little two out of six systolic ejection murmur-
[patient] mm-hmm .
[doctor] . which we've heard in the past . okay , so that seems stable . on your knee exam , there is some edema and some erythema of your right knee , but your left knee looks fine , okay ? um , you do have some pain to palpation of the right knee and some decreased range of motion , um , on exam , okay ? so what does that mean ? so we'll go ahead and we'll see if we can take a look at some of these things . i know that they did an x-ray before you came in , okay ?
[patient] mm-hmm .
[doctor] so let's take a look at that .
[patient] sure .
[doctor] hey , dragon , show me the right knee x-ray . so here's the r- here's your right knee x-ray . this basically shows that there's good bony alignment . there's no acute fracture , which is not surprising , based on the history .
[patient] mm-hmm .
[doctor] okay ? hey , dragon , show me the labs . and here , looking at your lab results , you know , your white blood cell count is not elevated , which is good . you know , we get concerned about that in somebody who's immunocompromised .
[patient] mm-hmm .
[doctor] and it looks like your kidney function is also very good . so i'm , i'm very happy about that .
[patient] yeah .
[doctor] okay ? so i just wan na go over a little bit about my assessment and my plan for you .
[patient] mm-hmm .
[doctor] so for your knee pain , i think that this is an acute exacerbation of your arthritis , okay ? so i wan na go ahead and if ... and prescribe some ultram 50 milligrams every six hours as needed .
[patient] okay .
[doctor] okay ? i also wan na go ahead and just order an autoimmune panel , okay ? hey , dragon , order an autoimmune panel . and you know , i , i want , i want you to just take it easy for right now , and if your symptoms continue , we'll talk about further imaging and possibly referral to physical therapy , okay ?
[patient] you got it .
[doctor] for your second problem , your hypothyroidism , i wan na go ahead and continue you on this ... on the synthroid , and i wan na go ahead and order some thyroid labs , okay ?
[patient] sure .
[doctor] hey , dragon , order a thyroid panel . and then for your last problem , the arthritis , you know , we just kinda talked about that . you know , it's gon na be a struggle for you because again , you ca n't take some of those anti-inflammatory medications because of your kidney transplant , so ...
[patient] mm-hmm .
[doctor] you know , let's see how we do over the next couple weeks , and again , we'll refer you to physical therapy if we need to , okay ?
[patient] you got it .
[doctor] you have any questions ?
[patient] not at this point .
[doctor] okay . hey , dragon , finalize the note .","CHIEF COMPLAINT

Joint pain.

HISTORY OF PRESENT ILLNESS

Andrew Perez is a 62-year-old male with a past medical history significant for a kidney transplant, hypothyroidism, and arthritis. He presents today with complaints of joint pain.

The patient reports that over the weekend, he was moving boxes up and down the basement stairs. By the end of the day, his knees were very painful. The pain is equal in the bilateral knees. He states that he has had some knee problems in the past, but he believes that it was due to the repetition and the weight of the boxes. He states that the pain does not prevent him from doing his activities of daily living. By the end of the day on Saturday, his knee soreness interrupted his sleep. The patient has taken Tylenol and iced his knees for a short period of time, but nothing really seemed to help.

The patient states that he had a kidney transplant a few years ago for some polycystic kidneys. He notes that he saw Dr. Gutierrez a couple of weeks ago, and everything was normal at that time. The patient continues to utilize his immunosuppressant medications.

Regarding his hypothyroidism, the patient states that he is doing well. He has continued to utilize Synthroid regularly.

In regards to his arthritis, the patient states that occasionally he has pain in his elbow, but nothing out of the ordinary.

He denies any other symptoms such as fever, chills, muscle aches, nausea, vomiting, diarrhea, fatigue, and weight loss.

REVIEW OF SYSTEMS

• Constitutional: Denies fevers, chills, or weight loss.
• Musculoskeletal: Denies muscle pain. Endorses joint pain in the bilateral knees.
• Neurological: Denies headaches.

PHYSICAL EXAMINATION

• Cardiovascular: 2/6 systolic ejection murmur, stable.
• Musculoskeletal: There is edema and erythema of the right knee with pain to palpation. Range of motion is decreased. Left knee exam is normal.

RESULTS

X-ray of the right knee is unremarkable. Good bony alignment. No acute fractures.

Labs: Within normal limits. White blood cell count is within normal limits. Kidney function is normal.

ASSESSMENT AND PLAN

Andrew Perez is a 62-year-old male with a past medical history significant for a kidney transplant, hypothyroidism, and arthritis. He presents today with complaints of joint pain.

Arthritis.
• Medical Reasoning: The patient reports increased joint pain in his bilateral knees over the past weekend. Given that his right knee x-ray was unremarkable, I believe this is an acute exacerbation of his arthritis.
• Additional Testing: We will order an autoimmune panel for further evaluation.
• Medical Treatment: Initiate Ultram 50 mg every 6 hours as needed.
• Patient Education and Counseling: I advised the patient to rest his knees. If his symptoms persist, we can consider further imaging and possibly a referral to physical therapy.

Hypothyroidism.
• Medical Reasoning: The patient is doing well on Synthroid and is asymptomatic at this time.
• Additional Testing: We will order a thyroid panel.
• Medical Treatment: Continue Synthroid.

Status post renal transplant.
• Medical Reasoning: He is doing well and has been compliant with his immunosuppressive medications. On recent labs, his white blood cell count was within a normal limits and his kidney function is stable.
• Medical Treatment: Continue current regimen.

Patient Agreements: The patient understands and agrees with the recommended medical treatment plan.","CHIEF COMPLAINT
Bilateral knee pain.

HISTORY OF PRESENT ILLNESS
Andrew is a 62-year-old male with a history of a kidney transplant (secondary to polycystic kidney disease), hypothyroidism, and arthritis who presents for evaluation of knee pain. The patient reports that over the weekend he was moving boxes up and down basement stairs, after which both knees became severely painful. He reports both knees are equally painful and that the pain kept him awake Saturday night. He attempted treatment with ice and Tylenol, which provided no relief. He denies any acute direct injury, attributing the pain to heavy lifting and repetitive strain. He notes occasional elbow pain in the past, but nothing unusual today. 

Regarding his kidney transplant history, he states everything is going well (""so far, so good"") following a visit with Dr. Gutierrez a couple of weeks ago. He remains compliant with his immunosuppressive medications and reports no issues. 

Regarding his hypothyroidism, he reports strict compliance with Synthroid (""on the clock"") and denies fatigue, weight gain, or other systemic symptoms. [CLINICIAN REVIEW FLAG: The provider verbally queried the patient regarding ""hyperthyroidism"" during the encounter while referencing Synthroid compliance; the patient is taking Synthroid for hypothyroidism.]

REVIEW OF SYSTEMS
- Constitutional: Denies fever, chills, fatigue, or weight gain.
- Head/Neurological: Denies headaches.
- Gastrointestinal: Denies nausea, vomiting, or diarrhea.
- Musculoskeletal: Reports bilateral knee pain and occasional baseline elbow pain. Denies muscle aches.

PHYSICAL EXAM
- Vitals: Afebrile. Heart rate and blood pressure are fine/within normal limits.
- Cardiovascular: 2/6 systolic ejection murmur appreciated (stable, noted on previous exams).
- Musculoskeletal: 
  - Right knee: Positive for edema, erythema, tenderness to palpation, and decreased range of motion.
  - Left knee: Normal appearance on examination.

RESULTS
- Right Knee X-ray: Shows good bony alignment with no acute fracture.
- Labs: White blood cell (WBC) count is not elevated. Renal function labs show very good kidney function.

ASSESSMENT AND PLAN
1. Acute exacerbation of osteoarthritis of right knee / Knee pain (ICD-10: M17.11 - Primary osteoarthritis, right knee / M25.561 - Pain in right knee):
   - Prescribe Ultram 50 mg orally every 6 hours PRN for pain.
   - Ordered autoimmune panel to evaluate underlying etiology.
   - Advised patient to rest and take it easy.
   - Will monitor progress over the next few weeks; if symptoms persist, will consider further imaging and referral to physical therapy.

2. Hypothyroidism (ICD-10: E03.9 - Hypothyroidism, unspecified):
   - Status: Stable on current regimen.
   - Continue Synthroid as prescribed.
   - Ordered thyroid panel to monitor thyroid levels.

3. Kidney transplant status (ICD-10: Z94.0 - Kidney transplant status) / History of Polycystic Kidney Disease (ICD-10: Q61.3):
   - Status: Stable.
   - Evaluated renal function labs today, which demonstrate very good kidney function.
   - Patient advised to continue immunosuppressive medications as prescribed.
   - Patient reminded to avoid systemic NSAIDs/anti-inflammatory agents due to kidney transplant status.

4. Osteoarthritis, generalized (ICD-10: M19.90 - Unspecified osteoarthritis, unspecified site):
   - Status: Chronic, limited pharmacotherapy options due to renal transplant history.
   - Continue monitoring joint symptoms and evaluate response to conservative management and Ultram. Referral to physical therapy pending progress.","CHIEF COMPLAINT
Bilateral knee pain.

HISTORY OF PRESENT ILLNESS
Andrew is a 62-year-old male with a history of a kidney transplant (secondary to polycystic kidney disease), hypothyroidism, and arthritis who presents for evaluation of knee pain. The patient reports that over the weekend he was moving boxes up and down basement stairs, after which both knees became severely painful. He reports both knees are equally painful and that the pain kept him awake Saturday night. He attempted treatment with ice and Tylenol, which provided no relief. He denies any acute direct injury, attributing the pain to heavy lifting and repetitive strain. He notes occasional elbow pain in the past, but nothing unusual today.

Regarding his kidney transplant history, he states everything is going well (""so far, so good"") following a visit with Dr. Gutierrez a couple of weeks ago. He remains compliant with his immunosuppressive medications and reports no issues.

Regarding his hypothyroidism, he reports strict compliance with Synthroid (""on the clock"") and denies fatigue, weight gain, or other systemic symptoms. [CLINICIAN REVIEW FLAG: The provider verbally queried the patient regarding ""hyperthyroidism"" during the encounter while referencing Synthroid compliance; the patient is taking Synthroid for hypothyroidism.]

REVIEW OF SYSTEMS
- Constitutional: Denies fever, chills, fatigue, or weight gain.
- Head/Neurological: Denies headaches.
- Gastrointestinal: Denies nausea, vomiting, or diarrhea.
- Musculoskeletal: Reports bilateral knee pain and occasional baseline elbow pain. Denies muscle aches.

PHYSICAL EXAM
- Vitals: Afebrile. Heart rate and blood pressure are fine/within normal limits.
- Cardiovascular: 2/6 systolic ejection murmur appreciated (stable, noted on previous exams).
- Musculoskeletal:
- Right knee: Positive for edema, erythema, tenderness to palpation, and decreased range of motion.
- Left knee: Normal appearance on examination.

RESULTS
- Right Knee X-ray: Shows good bony alignment with no acute fracture.
- Labs: White blood cell (WBC) count is not elevated. Renal function labs show very good kidney function.

ASSESSMENT AND PLAN
1. Acute exacerbation of osteoarthritis of right knee / Knee pain (ICD-10: M17.11 - Primary osteoarthritis, right knee / M25.561 - Pain in right knee):
- Prescribe Ultram 50 mg orally every 6 hours PRN for pain.
- Ordered autoimmune panel to evaluate underlying etiology.
- Advised patient to rest and take it easy.
- Will monitor progress over the next few weeks; if symptoms persist, will consider further imaging and referral to physical therapy.

2. Hypothyroidism (ICD-10: E03.9 - Hypothyroidism, unspecified):
- Status: Stable on current regimen.
- Continue Synthroid as prescribed.
- Ordered thyroid panel to monitor thyroid levels.

3. Kidney transplant status (ICD-10: Z94.0 - Kidney transplant status) / History of Polycystic Kidney Disease (ICD-10: Q61.3):
- Status: Stable.
- Evaluated renal function labs today, which demonstrate very good kidney function.
- Patient advised to continue immunosuppressive medications as prescribed.
- Patient reminded to avoid systemic NSAIDs/anti-inflammatory agents due to kidney transplant status.

4. Osteoarthritis, generalized (ICD-10: M19.90 - Unspecified osteoarthritis, unspecified site):
- Status: Chronic, limited pharmacotherapy options due to renal transplant history.
- Continue monitoring joint symptoms and evaluate response to conservative management and Ultram. Referral to physical therapy pending progress."
virtassist,D2N003,"[doctor] hi , john . how are you ?
[patient] hey . well , relatively speaking , okay . good to see you .
[doctor] good to see you as well . so i know the nurse told you about dax . i'm gon na tell dax a little bit about you .
[patient] okay .
[doctor] so john is a 61-year-old male with a past medical history significant for kidney stones , migraines and reflux , who presents with some back pain . so john , what's going on with your back ?
[patient] uh , i'm feeling a lot of the same pain that i had when i had kidney stones about two years ago , so i'm a little concerned .
[doctor] yeah . and so wh- what side of your back is it on ?
[patient] uh , honestly , it shifts . it started from the right side and it kinda moved over , and now i feel it in the left side of my back .
[doctor] okay . and , um , how many days has this been going on for ?
[patient] the last four days .
[doctor] okay . and is ... is the pain coming and going ?
[patient] um , at first it was coming and going , and then for about the last 48 hours , it's been a constant , and it's ... it's been pretty bad .
[doctor] okay . and what have you taken for the pain ?
[patient] tylenol , but it really does n't seem to help .
[doctor] yeah . okay . and do you have any blood in your urine ?
[patient] um , uh , it ... i think i do . it's kind of hard to detect , but it does look a little off-color .
[doctor] okay . all right . um , and have you had , uh , any other symptoms like nausea and vomiting ?
[patient] um , if i'm doing something i'm ... i'm , uh , like exerting myself , like climbing the three flights of stairs to my apartment or running to catch the bus , i feel a little dizzy and a little light headed , and i ... i still feel a little bit more pain in my abdomen .
[doctor] okay . all right . um , so let- let's talk a little bit about your ... your migraines . how are you doing with those ? i know we started you on the imitrex a couple months ago .
[patient] i've been pretty diligent about taking the meds . i ... i wan na make sure i stay on top of that , so i've been pretty good with that .
[doctor] okay , so no issues with the migraine ?
[patient] none whatsoever .
[doctor] okay . and how about your ... your acid reflux ? how are you doing with ... i know you were making some diet changes .
[patient] yeah , i've been pretty good with the diet , but with the pain i have been having, it has been easier to call and have something delivered. so i have been ordering a lot of take-out and fast food that can be delivered to my door so i don't have to go out and up and down the steps to get it myself. but other than that , it's been pretty good .
[doctor] okay . are you staying hydrated ?
[patient] yes .
[doctor] okay . all right . okay , well , let's go ahead and , uh , i know the nurse did a review of systems , you know , with you , and i know that you're endorsing some back pain and a little bit of dizziness , um , and some blood in your urine . any other symptoms ? you know , muscle aches , chest pain ... uh , body aches , anything like that ?
[patient] i have some body aches because i think i'm ... i'm favoring , um , my back when i'm walking because of the pain , like i kinda feel it in my muscles , but not out of the ordinary and not surprised 'cause i remember that from two years ago .
[doctor] okay . all right . well , let's go ahead and ... and look at your vital signs today . hey , dragon ? show me the blood pressure . yeah , so your blood pressure's a little high today . that's probably because you're in some pain , um , but let ... let me just take a listen to your heart and lungs , and i'll let you know what i find , okay ?
[patient] sure .
[doctor] okay , so on ... on physical exam , you do have some , uh , cda tenderness on the right-hand side , meaning that you're tender when i ... when i pound on that .
[patient] mm-hmm .
[doctor] um , and your abdomen also feels a little tender . you have some tenderness of the palpation of the right lower quadrant , but other than that , your heart sounds nice and clear and your lungs are clear as well . so let's go ahead and take a look at some of your results , okay ?
[patient] sure .
[doctor] hey , dragon ? show me the creatinine . so we ... we drew a creatinine when you came in here because i was concerned about the kidney stones . it ... it is uh ... it is up slightly , which might suggest that you have a little bit of a obstruction there of one-
[patient] mm-hmm .
[doctor] . of the stones . okay ? hey , dragon . show me the abdominal x-rays . okay , and there might be a question of a ... uh , of a stone there lower down , uh , but we'll wait for the official read there . so the , uh , abdominal x-rays show a possible kidney stone , okay ?
[patient] okay .
[doctor] so let's talk a little bit about my assessment and plan for you . so , for your first problem , your back pain , i think you're having a recurrence of your kidney stones . so i wan na go ahead and order a ct scan without contrast of your abdomen and pelvis . okay ?
[patient] mm-hmm .
[doctor] and i'm also gon na order you some ultram 50 milligrams as needed every six hours for pain . does that sound okay ?
[patient] okay .
[doctor] hey , dragon ? order ultram 50 milligrams every six hours as needed for pain . and i want you to push fluids and strain your urine . i know that you're familiar with that .
[patient] yes , i am .
[doctor] for your next problem , for your migraines , let's continue you on the imitrex . and for your final problem , uh , for your reflux , uh , we have you on the protonix 40 milligrams a day . do you need a refill of that ?
[patient] actually , i do need a refill .
[doctor] okay . hey , dragon ? order a refill of protonix 40 milligrams daily . okay . so the nurse will be in soon , and she'll help you get the cat scan scheduled . and i'll be in touch with you in ... in a day or so .
[patient] perfect .
[doctor] if your symptoms worsen , just give me a call , okay ?
[patient] you got it .
[doctor] take care .
[patient] thank you .
[doctor] hey ... hey , dragon ? finalize the note .","CHIEF COMPLAINT

Back pain.

HISTORY OF PRESENT ILLNESS

Mr. John Perry is a 61-year-old male with a past medical history significant for kidney stones, migraines, and gastroesophageal reflux, who presents with some back pain.

The patient reports that he is feeling a lot of the same pain that he had when he had kidney stones about 2 years ago, so he is a little concerned. The pain started from the right side and moved over and he feels it on the left side of his back. This has been going on for the last 4 days. Initially, the pain was intermittent, but over the last 48 hours it has been constant. He has taken Tylenol, but it does not seem to help. He thinks he has hematuria, but it is hard to detect but it does look a little off color. He endorses nausea and vomiting if he exerts himself or climbs the stairs to his apartment or runs to catch the bus. He also endorses dizziness and lightheadedness with pain in his abdomen.

Regarding his migraines, he has been diligent about taking the Imitrex. He denies issues with the migraines.

Regarding his gastroesophageal reflux, he reports that he has been doing well with his diet, but notes lately with his pain, he has been eating more fast food and takeout since these options come with delivery. He is staying hydrated. He is taking Protonix 40 mg daily as directed.

REVIEW OF SYSTEMS

• Gastrointestinal: Endorses abdominal pain. Endorses nausea and vomiting with exertion.
• Genitourinary: Endorses urine discoloration.
• Musculoskeletal: Endorses back pain. Endorses body aches.
• Neurological: Denies headaches. Endorses dizziness and lightheadedness.

PHYSICAL EXAMINATION

• Respiratory: Lungs are clear to auscultation bilaterally. No wheezes, rales, or rhonchi.
• Cardiovascular: No murmurs, gallops, or rubs. No extra heart sounds.
• Gastrointestinal: Tender to palpation to the right lower quadrant. CVA tenderness on the right.

VITALS REVIEWED

• Blood Pressure: Elevated.

RESULTS

Creatinine level slightly elevated.
Abdominal x-ray demonstrates possible kidney stone.

ASSESSMENT AND PLAN

Mr. John Perry is a 61-year-old male with a past medical history significant for kidney stones, migraines, and gastroesophageal reflux, who presents with back pain.

Kidney stones.
• Medical Reasoning: He is experiencing pain in his back that is similar to his previous kidney stone pain. His recent abdominal x-ray demonstrates what appears to be a recurrent kidney stone.
• Additional Testing: I have ordered a CT scan of the abdomen and pelvis without contrast.
• Medical Treatment: We will start him on Ultram 50 mg as needed every 6 hours for pain.
• Patient Education and Counseling: I advised the patient to stay well hydrated and to strain his urine.

Migraines.
• Medical Reasoning: He has been compliant with Imitrex and is doing well at this time.
• Medical Treatment: Continue Imitrex.

Reflux.
• Medical Reasoning: This is typically well-controlled with dietary modifications.
• Medical Treatment: Continue with Protonix 40 mg daily. A refill was provided.

Patient Agreements: The patient understands and agrees with the recommended medical treatment plan.
","CHIEF COMPLAINT
Back pain for the past 4 days.

HISTORY OF PRESENT ILLNESS
John is a 61-year-old male with a medical history significant for kidney stones, migraines, and acid reflux, who presents with back pain that feels similar to a kidney stone episode he had 2 years ago. The pain began 4 days ago, initially starting on the right side before shifting to the left side of his back. It was initially intermittent but has been constant and severe for the past 48 hours. He tried Tylenol without relief. He notes off-color urine, which he suspects contains blood. He reports experiencing mild dizziness, lightheadedness, and increased abdominal pain during physical exertion, such as climbing 3 flights of stairs to his apartment or running for the bus. He denies nausea or chest pain. He reports mild body/muscle aches, which he attributes to altering his gait to favor his back. 

Regarding his chronic conditions:
- Migraines: Well-controlled. He is diligent with taking Imitrex and reports no current issues.
- Reflux: Historically managed well with diet, but due to severe pain and stair navigation difficulties, he has recently been ordering fast food and takeout delivery. He reports staying hydrated.

REVIEW OF SYSTEMS
- Constitutional: Positive for exertional dizziness and lightheadedness. Negative for fever or chills.
- Cardiovascular: Negative for chest pain.
- Gastrointestinal: Positive for exertional abdominal pain and history of reflux. Denies nausea or vomiting.
- Genitourinary: Positive for off-color urine (suspected hematuria).
- Musculoskeletal: Positive for back pain and generalized muscle aches.
- Neurological: History of migraines, currently asymptomatic.

PHYSICAL EXAM
- Vitals: Blood pressure is elevated (attributed to acute pain).
- Cardiovascular: Heart sounds clear.
- Pulmonary: Lungs clear to auscultation.
- Abdomen/Back: Positive for right CVA tenderness. Positive for tenderness to palpation in the right lower quadrant (RLQ).

RESULTS
- Lab Results: Serum creatinine is slightly elevated, suggestive of possible urinary tract obstruction.
- Imaging: Abdominal X-ray shows a possible kidney stone lower in the tract (pending official radiologist read).

ASSESSMENT AND PLAN
1. Recurrent Nephrolithiasis / Back Pain (ICD-10: N20.9 / M54.50):
   - Assessment: Acute presentation consistent with recurrent kidney stone, supported by elevated creatinine, right CVA tenderness, RLQ tenderness, and preliminary X-ray findings.
   - Treat: Ordered CT scan of the abdomen and pelvis without contrast. Prescribed Ultram (tramadol) 50 mg PO every 6 hours as needed for pain. Instructed patient to push fluids and strain all urine.
   - Monitor: Nurse will assist in scheduling the CT scan. Follow-up contact planned in 1–2 days. Patient advised to contact the clinic if symptoms worsen.
   - Clinician Review / Safety Flag: Patient reported that back pain moved from the right to the left side, but physical examination demonstrated right CVA and right lower quadrant tenderness. Recommended re-evaluation of flank pain localization prior to intervention. Additionally, exertional dizziness and lightheadedness were reported alongside elevated blood pressure; monitor hemodynamic stability.

2. Migraine Headaches (ICD-10: G43.909):
   - Assessment: Stable and well-managed on current regimen.
   - Evaluate/Treat: Reviewed compliance; patient reports no issues. Continue Imitrex as prescribed.

3. Gastroesophageal Reflux Disease (GERD) (ICD-10: K21.9):
   - Assessment: Stable, though recent pain has temporarily compromised dietary modifications due to reliance on takeout food.
   - Evaluate/Treat: Re-evaluated current symptoms. Authorized a refill for Protonix 40 mg PO daily. Advised resumption of dietary management once pain resolves.","CHIEF COMPLAINT
Back pain for the past 4 days.

HISTORY OF PRESENT ILLNESS
John is a 61-year-old male with a medical history significant for kidney stones, migraines, and acid reflux, who presents with back pain that feels similar to a kidney stone episode he had 2 years ago. The pain began 4 days ago, initially starting on the right side before shifting to the left side of his back. It was initially intermittent but has been constant and severe for the past 48 hours. He tried Tylenol without relief. He notes off-color urine, which he suspects contains blood. He reports experiencing mild dizziness, lightheadedness, and increased abdominal pain during physical exertion, such as climbing 3 flights of stairs to his apartment or running for the bus. He denies nausea or chest pain. He reports mild body/muscle aches, which he attributes to altering his gait to favor his back.

Regarding his chronic conditions:
- Migraines: Well-controlled. He is diligent with taking Imitrex and reports no current issues.
- Reflux: Historically managed well with diet, but due to severe pain and stair navigation difficulties, he has recently been ordering fast food and takeout delivery. He reports staying hydrated.

REVIEW OF SYSTEMS
- Constitutional: Positive for exertional dizziness and lightheadedness. Negative for fever or chills.
- Cardiovascular: Negative for chest pain.
- Gastrointestinal: Positive for exertional abdominal pain and history of reflux. Denies nausea or vomiting.
- Genitourinary: Positive for off-color urine (suspected hematuria).
- Musculoskeletal: Positive for back pain and generalized muscle aches.
- Neurological: History of migraines, currently asymptomatic.

PHYSICAL EXAM
- Vitals: Blood pressure is elevated (attributed to acute pain).
- Cardiovascular: Heart sounds clear.
- Pulmonary: Lungs clear to auscultation.
- Abdomen/Back: Positive for right CVA tenderness. Positive for tenderness to palpation in the right lower quadrant (RLQ).

RESULTS
- Lab Results: Serum creatinine is slightly elevated, suggestive of possible urinary tract obstruction.
- Imaging: Abdominal X-ray shows a possible kidney stone lower in the tract (pending official radiologist read).

ASSESSMENT AND PLAN
1. Recurrent Nephrolithiasis / Back Pain (ICD-10: N20.9 / M54.50):
- Assessment: Acute presentation consistent with recurrent kidney stone, supported by elevated creatinine, right CVA tenderness, RLQ tenderness, and preliminary X-ray findings.
- Treat: Ordered CT scan of the abdomen and pelvis without contrast. Prescribed Ultram (tramadol) 50 mg PO every 6 hours as needed for pain. Instructed patient to push fluids and strain all urine.
- Monitor: Nurse will assist in scheduling the CT scan. Follow-up contact planned in 1–2 days. Patient advised to contact the clinic if symptoms worsen.
- Clinician Review / Safety Flag: Patient reported that back pain moved from the right to the left side, but physical examination demonstrated right CVA and right lower quadrant tenderness. Recommended re-evaluation of flank pain localization prior to intervention. Additionally, exertional dizziness and lightheadedness were reported alongside elevated blood pressure; monitor hemodynamic stability.

2. Migraine Headaches (ICD-10: G43.909):
- Assessment: Stable and well-managed on current regimen.
- Evaluate/Treat: Reviewed compliance; patient reports no issues. Continue Imitrex as prescribed.

3. Gastroesophageal Reflux Disease (GERD) (ICD-10: K21.9):
- Assessment: Stable, though recent pain has temporarily compromised dietary modifications due to reliance on takeout food.
- Evaluate/Treat: Re-evaluated current symptoms. Authorized a refill for Protonix 40 mg PO daily. Advised resumption of dietary management once pain resolves."
virtassist,D2N004,"[doctor] hi , james , how are you ?
[patient] hey , good to see you .
[doctor] it's good to see you , too . so , i know the nurse told you about dax .
[patient] mm-hmm .
[doctor] i'd like to tell dax a little bit about you .
[patient] sure .
[doctor] james is a 57-year-old male with a past medical history significant for congestive heart failure and type 2 diabetes who presents today with back pain .
[patient] mm-hmm .
[doctor] so , james , what happened to your back ?
[patient] uh , i was golfing and i hurt my back when i went for my backswing .
[doctor] okay . and did you feel a pop or a strain immediately or ?
[patient] i f- felt the pop , and i immediately had to hit the ground . i had to just try and do anything to loosen up my back .
[doctor] okay . and how long ago did this happen ?
[patient] this was saturday morning .
[doctor] okay . so , about four days ago ?
[patient] mm-hmm .
[doctor] okay . um , and what have you taken for the pain ?
[patient] uh , i took some tylenol . i took some ibuprofen .
[doctor] mm-hmm .
[patient] i tried ice . i tried heat , but nothing really worked .
[doctor] okay . and , h- how are you feeling now ? are you still in the same amount of pain ?
[patient] uh , by monday morning , it loosened up a little bit , but it's still pretty sore .
[doctor] okay . any other symptoms like leg weakness , pain in one leg , numbing or tingling ?
[patient] uh , i actually felt , um ... i had a struggle in my right foot like dropped foot . i had some struggling with my right leg . i felt that for a while , and it got a little bit better this morning but not much .
[doctor] okay . all right . um , so , are you ... how are you doing walking around ?
[patient] uh , uh , uh , i'm , i'm not going anywhere fast or doing anything strenuous but i can walk around a little bit .
[doctor] uh- .
[patient] not too fast .
[doctor] all right . okay . um , and any history with your back in the past ?
[patient] i actually had surgery about 10 years ago on my lower back .
[doctor] okay . all right . now , tell me a little bit about your , your heart failure . you know , i have n't seen you in a while .
[patient] mm-hmm .
[doctor] how are you doing with your diet ?
[patient] um , been pretty good t- taking my medications , watching my diet , trying to , uh , trying to exercise regularly , too .
[doctor] okay . so , you're avoiding the salty foods like we had talked about ?
[patient] yes .
[doctor] okay . and any weight gain or swelling in your legs recently ?
[patient] a little bit of weight gain over the summer but nothing , nothing too radical , nothing more than five pounds .
[doctor] okay . all right . and any problems laying flat while you go to bed ?
[patient] no .
[doctor] okay . uh , and lastly , what about your diabetes ? how are you doing with , with that diet ? i remember you have somewhat of a sweet tooth .
[patient] yeah .
[doctor] jelly beans ?
[patient] i love jelly beans , yeah , yeah . that's been a struggle , but i'm getting through it .
[doctor] okay . all right . um , and you're watching your blood sugars at home ?
[patient] mm-hmm . i monitor it regularly . not always, i can forget, , but i'm pretty good about my measuring it .
[doctor] okay . and you are still on your metformin ?
[patient] yes .
[doctor] okay . all right . all right . now , i know the nurse did a review of symptoms sheet when you checked in .
[patient] mm-hmm .
[doctor] i know that you were endorsing the back pain-
[patient] mm-hmm .
[doctor] . and maybe a little weakness in your right leg . um , any other symptoms ? i know we went through a lot .
[patient] no .
[doctor] okay . um , so , i wan na go ahead and move on to a physical exam , okay ?
[patient] mm-hmm .
[doctor] hey , dragon , show me the vital signs . so , here in the office , you know , your vital signs look great . they look completely normal , which , which is really good .
[patient] good .
[doctor] okay ? so , i'm just gon na check you out , and i'm gon na let you know what i find , okay ?
[patient] mm-hmm .
[doctor] lean up . okay . all right . so , on your physical exam , everything seems fine .
[patient] good .
[doctor] on your heart exam , i do appreciate a 2 out of 6 systolic ejection murmur , which we've heard in the past-
[patient] mm-hmm .
[doctor] . so that's stable .
[patient] okay .
[doctor] on your back exam , you do have some pain to palpation of the lumbar 5 or lumbar spine-
[patient] mm-hmm .
[doctor] at the level of l5 .
[patient] okay .
[doctor] you have , you know , decreased range of motion with flexion and extension , and , um , you have a positive straight leg raise . uh , for your strength , you do have a 4 out of 5 on your right and 5 out of 5 on your left .
[doctor] so , what does that mean ? what does all that mean ? so , that basically means that , you know , i , i think that you probably , you know , have injured your , your back with a muscle strain , but we're gon na look at some of your results , okay ?
[patient] okay , sure .
[doctor] hey , dragon , show me the back x-ray . so , in reviewing the results of your back x-ray , this is a normal x-ray of your lumbar spine . there's good boney alignment . i do n't see any abnormality there , which is not surprising based on the history , okay ?
[doctor] hey , dragon , show me the diabetic labs . and this is just ... i just wanted to check your last , uh , diabetic labs that we did on you . uh , it looks like your hemoglobin a1c has been a little high at 8 . i'd like to see that a little bit lower around 7 , okay ?
[patient] okay .
[doctor] um , so , let's just talk a little bit about my assessment and my plan for you . um , so , for your first problem , i think you have an acute lumbar , um , strain .
[patient] mm-hmm .
[doctor] and i wan na go ahead and prescribe meloxicam 15 milligrams once a day , and i'd like to refer you to physical therapy to kind of strengthen that area . now , if you're still having symptoms , i wan na go ahead and , uh , order an mri-
[patient] mm-hmm .
[doctor] . just to make sure that you do n't have any disc herniation or anything like that , okay ?
[patient] that's fine .
[doctor] how does that sound ?
[patient] no problem .
[doctor] hey , dragon , order meloxicam 15 milligrams once a day . for your next problem , your type 2 diabetes , i would like to increase your metformin to 1,000 milligrams twice daily-
[patient] mm-hmm .
[doctor] . and i wan na go ahead and order another hemoglobin a1c in a couple weeks , or , i'm sorry , a couple months .
[patient] okay .
[doctor] all right ? hey , dragon , order a hemoglobin a1c . and for your congestive heart failure , uh , i think you're doing really well with it . um , you know , i wan na just continue you on your current medications , your lisinopril and your lasix . now , do you need a refill-
[patient] actually , i-
[doctor] of the lisinopril ?
[patient] actually , i do .
[doctor] okay . hey , dragon , order a refill of lisinopril 20 milligrams once a day . and so , the nurse will come in . she's gon na help you get checked out . i wan na see you again in a couple weeks , okay ?
[patient] that's fine .
[doctor] um , any questions ?
[patient] not at this point .
[doctor] okay . hey , dragon , finalize the note .","CHIEF COMPLAINT

Back pain.

HISTORY OF PRESENT ILLNESS

James Allen is a 57-year-old male with a past medical history significant for congestive heart failure and type 2 diabetes, who presents today with back pain.

The patient states he was golfing and hurt his back. This happened approximately 4 days ago when he felt a pop in his back. The patient notes that he immediately hit the ground trying to loosen up his back. He reports taking some Tylenol, ibuprofen, and using ice and heat which did not relieve the pain. By Monday morning it loosened up a little bit, but it is still pretty sore. He had some right lower extremity weakness and some drop foot that he felt that for a while, and it got a little better this morning but not much. He had surgery about 10 years ago in his lower back.

Regarding his congestive heart failure, he has been watching his diet and trying to exercise regularly. He is avoiding the salty foods and has been compliant with medications. He has gained a little weight over the summer but nothing more than 5 pounds. He has no problems lying flat to go to bed.

Regarding his diabetes, he is watching his blood sugars at home, not always consistently. He is still on his metformin.

REVIEW OF SYSTEMS

• Constitutional: Denies weight loss. Endorses weight gain.
• Musculoskeletal: Endorses back pain. Endorses right leg weakness and drop foot.

PHYSICAL EXAMINATION

• Cardiovascular: Grade 2/6 systolic ejection murmur, stable.
• Musculoskeletal: Examination of his back reveals pain to palpation at L5. Decreased range of motion with flexion and extension. Positive straight leg raise. Strength is 4/5 on the right and 5/5 on the left.

Results:

X-ray lumbar spine, ordered and obtained in the office today, is unremarkable with good bony alignment.

Hemoglobin A1c is elevated at 8.

ASSESSMENT AND PLAN

James Allen is a 57-year-old male with a past medical history significant for congestive heart failure and type 2 diabetes, who presents today with back pain.

Acute lumbar strain.
• Medical Reasoning: The patient reports feeling a 'pop' and immediate pain while golfing approximately 4 days ago. He has tried Tylenol and ibuprofen without significant relief.
• Additional Testing: If he continues to have pain, we will obtain an MRI for further evaluation.
• Medical Treatment: Initiate meloxicam 15 mg once daily.
• Specialist Referrals: We will refer him to physical therapy to work on strengthening the area.

Diabetes type 2.
• Medical Reasoning: He has been compliant with metformin and dietary modifications, but his recent hemoglobin A1c was 8.
• Additional Testing: Repeat hemoglobin A1c in a couple of months.
• Medical Treatment: Increase metformin to 1000 mg twice daily.

Congestive heart failure.
• Medical Reasoning: He is doing well from this standpoint. He has been compliant with his medications, dietary modifications, and regular physical activity.
• Medical Treatment: Continue lisinopril 20 mg once daily and Lasix. Lisinopril was refilled today.

Patient Agreements: The patient understands and agrees with the recommended medical treatment plan.

INSTRUCTIONS

The patient will follow-up in 2 weeks.","CHIEF COMPLAINT
Back pain.

HISTORY OF PRESENT ILLNESS
James is a 57-year-old male with a history of congestive heart failure (CHF), type 2 diabetes mellitus, and lower back surgery approximately 10 years ago, who presents with acute back pain. The patient reports he injured his back four days ago (Saturday morning) while golfing during his backswing. He felt a pop and fell to the ground immediately. He attempted Tylenol, ibuprofen, ice, and heat without significant relief. He notes slight improvement by Monday morning, but his back remains sore. He reports right leg weakness and a struggling feeling in his right foot (foot drop), which improved slightly this morning. He is able to walk slowly and avoids strenuous activity. 

Regarding chronic conditions:
- Congestive Heart Failure: Patient reports good compliance with medications, low-salt diet, and regular exercise. He notes a minor weight gain over the summer (< 5 pounds). Denies orthopnea or lower extremity swelling.
- Type 2 Diabetes Mellitus: Patient reports monitoring blood sugar at home regularly. He struggles with dietary restrictions, specifically sweets/jelly beans. Currently taking metformin.

REVIEW OF SYSTEMS
- Musculoskeletal: Positive for lower back pain.
- Neurological: Positive for right lower extremity weakness and reported right foot drop.
- Cardiovascular: Negative for orthopnea and lower extremity edema.
- All other systems reviewed and negative per check-in documentation and clinical interaction.

PHYSICAL EXAM
- Vitals: Normal per clinical record.
- Cardiovascular: 2/6 systolic ejection murmur (stable, noted previously).
- Back/Musculoskeletal: Tenderness to palpation at L5 level of the lumbar spine. Decreased range of motion with flexion and extension. Positive straight leg raise.
- Neurological: Strength 4/5 in the right lower extremity, 5/5 in the left lower extremity.

RESULTS
- Lumbar Spine X-ray: Normal lumbar spine with good bony alignment; no acute abnormalities.
- Diabetic Labs: Hemoglobin A1c is 8.0%.

ASSESSMENT AND PLAN
1. Acute Lumbar Strain (ICD-10: S39.012A)
   - Assess: Acute back pain following golfing injury, with L5 tenderness, reduced ROM, positive straight leg raise, and 4/5 right lower extremity strength. 
   - Treat: Prescribed Meloxicam 15 mg PO daily. Referred to physical therapy.
   - Plan: If symptoms persist, order lumbar spine MRI to evaluate for possible disc herniation. Follow up in 2 weeks.
   *FLAG FOR CLINICIAN REVIEW:* Patient exhibits focal neurological findings (right leg weakness 4/5 strength, positive straight leg raise, and history of foot drop). Monitor closely for signs of worsening lumbar radiculopathy or disc herniation.

2. Type 2 Diabetes Mellitus without complications (ICD-10: E11.9)
   - Assess: Suboptimally controlled with current HbA1c at 8.0% (goal ~7.0%). Patient reports dietary struggles with sweets. Monitors home blood glucose.
   - Treat: Increase Metformin to 1,000 mg PO twice daily. Re-educated on diabetic diet.
   - Monitor: Order repeat Hemoglobin A1c in a couple of months.

3. Congestive Heart Failure, unspecified (ICD-10: I50.9)
   - Assess: Stable. Patient compliant with low-sodium diet and exercise. Denies orthopnea or significant edema (<5 lb weight gain over summer).
   - Treat: Continue current regimen of Lasix and Lisinopril. Reordered Lisinopril 20 mg PO daily refill.
   - Monitor: Monitor weight and fluid status; follow up in 2 weeks.","CHIEF COMPLAINT
Back pain.

HISTORY OF PRESENT ILLNESS
James is a 57-year-old male with a history of congestive heart failure (CHF), type 2 diabetes mellitus, and lower back surgery approximately 10 years ago, who presents with acute back pain. The patient reports he injured his back four days ago (Saturday morning) while golfing during his backswing. He felt a pop and fell to the ground immediately. He attempted Tylenol, ibuprofen, ice, and heat without significant relief. He notes slight improvement by Monday morning, but his back remains sore. He reports right leg weakness and a struggling feeling in his right foot (foot drop), which improved slightly this morning. He is able to walk slowly and avoids strenuous activity.

Regarding chronic conditions:
- Congestive Heart Failure: Patient reports good compliance with medications, low-salt diet, and regular exercise. He notes a minor weight gain over the summer (< 5 pounds). Denies orthopnea or lower extremity swelling.
- Type 2 Diabetes Mellitus: Patient reports monitoring blood sugar at home regularly. He struggles with dietary restrictions, specifically sweets/jelly beans. Currently taking metformin.

REVIEW OF SYSTEMS
- Musculoskeletal: Positive for lower back pain.
- Neurological: Positive for right lower extremity weakness and reported right foot drop.
- Cardiovascular: Negative for orthopnea and lower extremity edema.
- All other systems reviewed and negative per check-in documentation and clinical interaction.

PHYSICAL EXAM
- Vitals: Normal per clinical record.
- Cardiovascular: 2/6 systolic ejection murmur (stable, noted previously).
- Back/Musculoskeletal: Tenderness to palpation at L5 level of the lumbar spine. Decreased range of motion with flexion and extension. Positive straight leg raise.
- Neurological: Strength 4/5 in the right lower extremity, 5/5 in the left lower extremity.

RESULTS
- Lumbar Spine X-ray: Normal lumbar spine with good bony alignment; no acute abnormalities.
- Diabetic Labs: Hemoglobin A1c is 8.0%.

ASSESSMENT AND PLAN
1. Acute Lumbar Strain (ICD-10: S39.012A)
- Assess: Acute back pain following golfing injury, with L5 tenderness, reduced ROM, positive straight leg raise, and 4/5 right lower extremity strength.
- Treat: Prescribed Meloxicam 15 mg PO daily. Referred to physical therapy.
- Plan: If symptoms persist, order lumbar spine MRI to evaluate for possible disc herniation. Follow up in 2 weeks.
*FLAG FOR CLINICIAN REVIEW:* Patient exhibits focal neurological findings (right leg weakness 4/5 strength, positive straight leg raise, and history of foot drop). Monitor closely for signs of worsening lumbar radiculopathy or disc herniation.

2. Type 2 Diabetes Mellitus without complications (ICD-10: E11.9)
- Assess: Suboptimally controlled with current HbA1c at 8.0% (goal ~7.0%). Patient reports dietary struggles with sweets. Monitors home blood glucose.
- Treat: Increase Metformin to 1,000 mg PO twice daily. Re-educated on diabetic diet.
- Monitor: Order repeat Hemoglobin A1c in a couple of months.

3. Congestive Heart Failure, unspecified (ICD-10: I50.9)
- Assess: Stable. Patient compliant with low-sodium diet and exercise. Denies orthopnea or significant edema (<5 lb weight gain over summer).
- Treat: Continue current regimen of Lasix and Lisinopril. Reordered Lisinopril 20 mg PO daily refill.
- Monitor: Monitor weight and fluid status; follow up in 2 weeks."
virtassist,D2N005,"[doctor] hey , ms. hill . nice to see you .
[patient] hi , dr. james , good to see you .
[doctor] hey , dragon , i'm seeing ms. hill . she's a 41-year-old female , and what brings you in today ?
[patient] um , i am having a lot of pain at the end of my right middle finger .
[doctor] what did you do ?
[patient] a little embarrassing . um , i got rear-ended , slow motor , uh , vehicle accident , and i got really angry with the person who hit me , so i went to flip him the bird , but i was a little too enthusiastic .
[patient] and i hit the ceiling of the car .
[doctor] okay . when did this happen ?
[patient] uh , it was saturday , so about four , five days ago .
[doctor] five days ago . what were you doing ? were you , like , stopped at a stoplight ? a stop sign ?
[patient] yes . so i was stopped at a four-way stop , and it was not my turn to go . there were other cars going , and the person behind me just was n't watching . i think they were texting and rear-ended me .
[doctor] how much damage to your car ?
[patient] uh , not too much . the , the trunk crumpled up a little bit .
[doctor] okay . and no other injuries ? just the finger ?
[patient] just the middle finger .
[doctor] so you would've escaped this accident without any injuries ?
[patient] yes . uh , i'm not proud .
[doctor] okay . um , so four days of right middle finger pain-
[patient] yes .
[doctor] . after a motor vehicle accident .
[patient] yes .
[doctor] all right . um , let's look at your x-ray . hey , dragon , show me the last x-ray . so what i'm seeing here is on the tip of this middle finger , you actually have a fracture . so you have a distal phalanx fracture in the middle finger . very ...
[patient] great .
[doctor] very interesting . let me check it out . um , so does it hurt when i push right here ?
[patient] yes .
[doctor] and does that hurt ?
[patient] very much so .
[doctor] what about down here ?
[patient] no .
[doctor] okay . so generally , your exam is normal other than you've got tenderness over your distal phalanx of your right middle finger . um , so your diagnosis is distal phalanx fracture of the middle finger or the third finger . and i'm gon na put you on a little bit of pain medicine just to help , just , like , two days' worth . okay , so tramadol , 50 milligrams , every six hours as needed for pain . i'm gon na dispense eight of those .
[patient] okay .
[doctor] and then , um , i'm gon na put you in a finger splint and have you come back in two weeks to get a follow-up x-ray . any questions for me ?
[patient] yes . so i'm taking digoxin for afib . will the tramadol be okay with that ?
[doctor] it will be okay . so you have atrial fibrillation .
[patient] yes .
[doctor] you take digoxin .
all right . any other questions for me ?
[patient] no , that's it . thank you .
[doctor] you're welcome . hey , dragon , go ahead and finalize the recording , and , uh , come with me . we'll get you checked out .","CC:

Right middle finger pain.

HPI:

Ms. Hill is a 41-year-old female who presents today for an evaluation of right middle finger pain after she was rear-ended in a motor vehicle accident. She has no other injuries.

CURRENT MEDICATIONS:

Digoxin

PAST MEDICAL HISTORY:

Atrial Fibrillation

EXAM

Examination of the right middle finger shows tenderness over the distal phalanx.

RESULTS

X-rays of the right middle finger, 3 views obtained on today's visit shows a comminuted distal phalanx fracture.

IMPRESSION

Right middle finger distal phalanx fracture.

PLAN

At this point, I discussed the diagnosis and treatment options with the patient. I recommend a prescription for Tramadol 50 mg every 6 hours as needed for pain, dispense 8. She is provided a finger splint and will return in 2 weeks for a follow-up x-ray. All questions were answered.
","CHIEF COMPLAINT
Right middle finger pain.

HISTORY OF PRESENT ILLNESS
Ms. Hill is a 41-year-old female presenting with right middle finger pain that began 4 to 5 days ago (Saturday). The patient was stopped at a four-way stop when her vehicle was rear-ended at low speed. Following the collision, she struck the ceiling of her car with her right middle finger while making a hand gesture. She reports pain localized to the tip of the right middle finger. She denies any other injuries from the accident.

REVIEW OF SYSTEMS
- Musculoskeletal: Positive for right middle finger pain. Denies any other joint pain, swelling, or body injuries.
- Cardiovascular: Positive for a history of atrial fibrillation (currently managed with digoxin). Denies chest pain, palpitations, or shortness of breath.

PHYSICAL EXAM
- General: Well-appearing female in no acute distress.
- Musculoskeletal (Right Hand/Middle Finger): Tenderness to palpation localized over the distal phalanx of the right middle finger. No tenderness noted over the more proximal areas of the digit. Exam is otherwise normal.

RESULTS
- X-ray (Right Middle Finger): Demonstrates a fracture of the distal phalanx of the right middle finger.

ASSESSMENT AND PLAN
1. Fracture of distal phalanx of right middle finger (ICD-10: S62.639A - Fracture of distal phalanx of right middle finger, initial encounter for closed fracture)
- Immobilized digit with a finger splint.
- Prescribed Tramadol 50 mg PO every 6 hours as needed for pain (dispense #8 tablets for a 2-day supply).
- Patient to return in 2 weeks for a follow-up visit and repeat X-ray.

2. Atrial fibrillation (ICD-10: I48.91 - Unspecified atrial fibrillation)
- Status: Stable on Digoxin.
- Evaluated drug compatibility between Digoxin and Tramadol for acute pain management; concurrent use determined acceptable.
- Action: Continue current Digoxin regimen as prescribed. Monitor for any cardiac symptoms or adverse effects.","CHIEF COMPLAINT
Right middle finger pain.

HISTORY OF PRESENT ILLNESS
Ms. Hill is a 41-year-old female presenting with right middle finger pain that began 4 to 5 days ago (Saturday). The patient was stopped at a four-way stop when her vehicle was rear-ended at low speed. Following the collision, she struck the ceiling of her car with her right middle finger while making a hand gesture. She reports pain localized to the tip of the right middle finger. She denies any other injuries from the accident.

REVIEW OF SYSTEMS
- Musculoskeletal: Positive for right middle finger pain. Denies any other joint pain, swelling, or body injuries.
- Cardiovascular: Positive for a history of atrial fibrillation (currently managed with digoxin). Denies chest pain, palpitations, or shortness of breath.

PHYSICAL EXAM
- General: Well-appearing female in no acute distress.
- Musculoskeletal (Right Hand/Middle Finger): Tenderness to palpation localized over the distal phalanx of the right middle finger. No tenderness noted over the more proximal areas of the digit. Exam is otherwise normal.

RESULTS
- X-ray (Right Middle Finger): Demonstrates a fracture of the distal phalanx of the right middle finger.

ASSESSMENT AND PLAN
1. Fracture of distal phalanx of right middle finger (ICD-10: S62.639A - Fracture of distal phalanx of right middle finger, initial encounter for closed fracture)
- Immobilized digit with a finger splint.
- Prescribed Tramadol 50 mg PO every 6 hours as needed for pain (dispense #8 tablets for a 2-day supply).
- Patient to return in 2 weeks for a follow-up visit and repeat X-ray.

2. Atrial fibrillation (ICD-10: I48.91 - Unspecified atrial fibrillation)
- Status: Stable on Digoxin.
- Evaluated drug compatibility between Digoxin and Tramadol for acute pain management; concurrent use determined acceptable.
- Action: Continue current Digoxin regimen as prescribed. Monitor for any cardiac symptoms or adverse effects."
virtassist,D2N006,"[doctor] hi , anna . how are you ?
[patient] i'm doing okay . how are you ?
[doctor] i'm doing okay . so i know the nurse told you about dax . i'd like to tell dax a little bit about you .
[patient] all right .
[doctor] so , anna is a 44-year-old female with a past medical history significant for arthritis , gout , and reflux , who presents today for follow up of her chronic problems .
[doctor] so , anna , it's been probably about six months since i've seen you . how are you doing ?
[patient] i'm doing okay . um , my arthritis is starting to get better . um , i've been trying to move my body , doing pilates , lifting weights , um , and that's , kind of , helped me build up some muscle , so the joint pain is , has been going away .
[doctor] okay . yeah . i know you were having , you know , some problems with your right knee , uh , and we sent you for physical therapy . so , so that's going well ?
[patient] yeah . the physical therapy's gone really well . i've built up my strength back and it's been really great .
[doctor] okay . so you feel like you're able to walk a little bit further now ?
[patient] yup . i'm walking about a mile , a mile and a half a day .
[doctor] okay . great . that's good . i'm glad to hear that . okay .
[doctor] and then , in terms of your gout , um , how are you doing with that ? i know you had an episode of gout of your , your right first big toe , um , about two months ago . how are you doing with that ?
[patient] i'm doing , doing well . the medication helped it , you know , go down and go away . hopefully , , it does n't come back .
[doctor] okay . and are you taking the allopurinol that i prescribed ?
[patient] yes .
[doctor] okay . and no issues with that ?
[patient] nope .
[doctor] okay . great . um , no further flare ups ?
[patient] no .
[doctor] okay . great . all right .
[doctor] and then , you know , how about your reflux ? we had placed you on , um , omeprazole , you know , to help with some of those symptoms and i know that you were gon na do some dietary modifications . how are you doing with that ?
[patient] so , i started to make some dietary modifications . unfortunately , i have n't cut the stone out quite yet . um , i've still been having some episodes and , and throwing up in the mornings , um , things like that .
[doctor] you're throwing up in the morning ?
[patient] yup .
[doctor] like , just , like , reflux into your throat or are you actually vomiting ?
[patient] um , actually vomiting .
[doctor] okay . that's a problem .
[patient] yup .
[doctor] all right . well , um , let's talk about any other symptoms that you might have . have you had any abdominal pain ? um , diarrhea ? um , do you feel like your belly's bigger than usual ?
[patient] um , the , the first and the last . so , i've been having some abdominal pain and then i feel like i'm bloated all the time .
[doctor] okay . and when was your last bowel movement ?
[patient] uh , probably two days ago .
[doctor] okay . was it normal ?
[patient] yes .
[doctor] okay . any blood ?
[patient] no .
[doctor] okay . all right . and any weight loss ? anything like that ?
[patient] no , not that i've noticed .
[doctor] okay . and any fever or chills ?
[patient] no .
[doctor] okay . all right . uh , well , sounds like we just did the review of systems with you . it sounds like you're endorsing this , you know , nausea , vomiting , abdominal distension . um , any other symptoms ?
[patient] no .
[doctor] no ? okay . all right . well , i wan na go ahead and do a quick physical exam . okay ?
[doctor] hey , dragon , show me the vital signs . all right . well , your , your vital signs here look quite good . all right . so , i'm , i'm reassured by that . i'm just gon na check out your heart and lungs and your belly and , and l- let you know what i find , okay ?
[patient] okay .
[doctor] all right . so , on physical examination , you know , everything looks good . your heart sounds good . your lungs sound good . you know , on your abdominal exam , you do have some pain to your right upper quadrant when i press on it , um , and there's no rebound or guarding and there's no peritoneal signs and your right knee does show a little bit of , uh , an effusion there and there's , uh , some slight pain to palpation and some decreased range of motion .
[doctor] so what does that mean , you know ? that means that you have some findings on your belly exam that concern me about your gall bladder , okay ? so , we'll have to look into that and then , um , your right knee looks a little swollen , but you know , we know you have some arthritis there , okay ?
[patient] okay .
[doctor] let's take a look at some of your results . hey , dragon , show me the autoimmune panel . hey , dragon , show me the autoimmune labs .
[doctor] okay . so looking at your autoimmune panel here , you know , we sent that because , you know , you're young and you have , you know , arthritis and gout and that type of thing and everything seemed to be fine .
[patient] okay .
[doctor] hey , dragon , show me the right knee x-ray .
[doctor] so , looking here at your right knee x-ray , you know , there's no fracture or anything , but you know , it does show that you do have that residual arthritis there , um , that we're , you know , we're working on improving so that we do n't have to do some type of surgery or intervention , okay ?
[patient] okay .
[doctor] so let's talk a little bit about my assessment and plan for you , okay ? so , for your first problem , um , your reflux and your nausea and vomiting , uh , i wan na go ahead and get a right upper quadrant ultrasound to rule out any gallstones , okay ? um , and then i'm gon na check some labs on you . okay ?
[patient] okay .
[doctor] i want you to continue on the omeprazole , 40 milligrams , once a day and continue with those dietary modifications .
[doctor] um , for your second problem , your gout , um , you know , everything seems controlled right now . let's continue you on the allopurinol , 100 milligrams , once a day . um , do you need a refill of that ?
[patient] yes , i do actually .
[doctor] hey , dragon , order allopurinol , 100 milligrams , once daily .
[doctor] and then from your last problem , your arthritis , i'm very pleased with how your right knee is doing and i want you to continue pilates and using the knee and let me know if you have any issues and we can , and we can talk about further imaging or intervention at that time , okay ?
[patient] okay .
[doctor] any questions ?
[patient] uh , no . that's it .
[doctor] okay . great . hey , dragon , finalize the note .","CHIEF COMPLAINT

Follow-up of chronic problems.

HISTORY OF PRESENT ILLNESS

Anna Mitchell is a 44-year-old female with a past medical history significant for arthritis, gout, and reflux, who presents today for follow-up of her chronic problems. It has been about 6 months since I last saw the patient.

The patient reports her arthritis is starting to get better. She has been trying to move her body with pilates and lifting weights. This has helped build up some muscles and her joint pain has reduced. The patient has also continued to attend physical therapy, which she feels has been beneficial.

Ms. Mitchell had an episode of gout of her right first big toe about 2 months ago. She states she is doing well on the allopurinol 100 mg once daily and has had no further flare ups.

Regarding her acid reflux, she was placed on omeprazole 40 mg once a day to help with some of the symptoms she was having. She started to make some dietary modifications, but she still needs to make more progress. She reports episodes of vomiting in the morning. The patient also has abdominal pain and bloating. Her last bowel movement was 2 days ago, and it was normal. She denies blood in her stool.

The patient denies unexplained weight gain or loss, fevers, chills.

REVIEW OF SYSTEMS

• Constitutional: Denies fevers, chills, or weight loss.
• Gastrointestinal: Denies hematochezia, melena. Endorses vomiting, abdominal pain, and bloating.
• Musculoskeletal: Endorses joint pain.

PHYSICAL EXAMINATION

• Respiratory: Lungs are clear to auscultation bilaterally. No wheezes, rales, or rhonchi.
• Cardiovascular: No murmurs, gallops, or rubs. No extra heart sounds.
• Gastrointestinal: Pain to palpation of the right upper quadrant. No rebound or guarding. No peritoneal signs.
• Musculoskeletal: Right knee shows a little effusion. Slight pain to palpation. Some decreased range of motion.

RESULTS

Autoimmune panel is within normal limits.

X-ray of the right knee demonstrates residual arthritis. No fractures noted.

ASSESSMENT AND PLAN

Anna Mitchell is a 44-year-old female with a past medical history significant for arthritis, gout, and reflux, who presents today for follow-up of her chronic problems.

Acid reflux with nausea and vomiting.
• Medical Reasoning: She reports episodes of vomiting in the morning, as well as abdominal pain and bloating. She has been compliant with omeprazole and has made a few dietary modifications.
• Additional Testing: We will order an ultrasound of her right upper quadrant, as well as additional labs, to rule out biliary etiology.
• Medical Treatment: Continue omeprazole 40 mg once daily.
• Patient Education and Counseling: I encouraged her to continue with dietary modifications.

Gout.
• Medical Reasoning: Her flares are well controlled on allopurinol.
• Medical Treatment: Continue allopurinol 100 mg once daily. This was refilled today.

Arthritis.
• Medical Reasoning: She is doing well and has remained active since her last visit. Physical therapy has also been beneficial for her. Her right knee x-ray demonstrated residual arthritis but was otherwise normal.
• Patient Education and Counseling: I advised her to continue pilates and using the knee. She will contact me if she has any issues and we can consider further imaging or intervention at that time.

Patient Agreements: The patient understands and agrees with the recommended medical treatment plan.","CHIEF COMPLAINT
Follow-up for chronic medical problems including arthritis, gout, and reflux.

HISTORY OF PRESENT ILLNESS
Anna is a 44-year-old female with a history of arthritis, gout, and reflux who presents for a 6-month follow-up. 
- Arthritis: Reports marked improvement in joint pain. She completed physical therapy for her right knee with good strength recovery, and is currently participating in Pilates and weightlifting. She is walking 1 to 1.5 miles per day.
- Gout: Had an episode of gout in her right first MTP joint approximately two months ago, which resolved with medication. She is taking allopurinol as prescribed with no recent flares or side effects.
- Reflux / GI: Placed on omeprazole and recommended dietary modifications. She reports partial dietary changes, but continues to experience morning vomiting, persistent abdominal pain, and constant abdominal bloating. Denies diarrhea, blood in stool, unpredicted weight loss, fever, or chills. Her last bowel movement was 2 days ago and was normal.

REVIEW OF SYSTEMS
Constitutional: Denies fever, chills, or weight loss.
Gastrointestinal: Endorses morning vomiting, abdominal pain, and abdominal bloating. Denies diarrhea or hematochezia.
Musculoskeletal: Endorses history of right knee arthritis and right big toe gout; reports overall improvement in joint pain and no recent gout flares.

PHYSICAL EXAM
Vitals: Reviewed and noted to be within normal limits.
Cardiovascular: Heart sounds normal.
Pulmonary: Lungs clear to auscultation.
Abdomen: Abdominal tenderness to palpation in the right upper quadrant (RUQ). No rebound, guarding, or peritoneal signs.
Musculoskeletal: Right knee demonstrates a slight effusion, mild tenderness to palpation, and decreased range of motion.

RESULTS
- Autoimmune Panel: Normal / unremarkable.
- Right Knee X-Ray: No acute fracture; shows residual arthritis.

ASSESSMENT AND PLAN
1. Gastroesophageal Reflux Disease / Vomiting / RUQ Abdominal Pain (ICD-10: K21.9 - Gastro-esophageal reflux disease without esophagitis; R11.2 - Nausea with vomiting, unspecified; R10.11 - Right upper quadrant abdominal pain):
- Assess: Symptoms refractory to conservative management, with new morning actual vomiting and RUQ tenderness on exam, concerning for gallbladder pathology (e.g., cholelithiasis) vs. persistent peptic disease.
- Monitor: Laboratory findings and diagnostic ultrasound results.
- Treat: Continue Omeprazole 40 mg PO daily. Continue dietary modifications. Order Right Upper Quadrant (RUQ) abdominal ultrasound and routine blood work.
*SAFETY / CLINICIAN REVIEW FLAG:* Patient presents with persistent actual vomiting and right upper quadrant abdominal tenderness. Monitor closely for signs of acute cholecystitis or biliary obstruction while ultrasound results are pending.

2. Gout (ICD-10: M10.9 - Gout, unspecified):
- Assess: Stable and controlled. No acute flares since the right first MTP joint episode 2 months ago.
- Treat: Continue Allopurinol 100 mg PO daily (refill ordered).
- Monitor: Assess for recurrent gout flares or medication side effects.

3. Osteoarthritis, Right Knee (ICD-10: M17.11 - Primary osteoarthritis, right knee):
- Assess: Improved joint function and mobility following physical therapy; persistent mild effusion and decreased ROM noted on exam, consistent with residual arthritis on X-ray.
- Treat: Continue Pilates, weight training, and active joint use.
- Evaluate/Monitor: Monitor functional progress; evaluate for advanced imaging or orthopedic intervention if pain or mobility worsens.","CHIEF COMPLAINT
Follow-up for chronic medical problems including arthritis, gout, and reflux.

HISTORY OF PRESENT ILLNESS
Anna is a 44-year-old female with a history of arthritis, gout, and reflux who presents for a 6-month follow-up.
- Arthritis: Reports marked improvement in joint pain. She completed physical therapy for her right knee with good strength recovery, and is currently participating in Pilates and weightlifting. She is walking 1 to 1.5 miles per day.
- Gout: Had an episode of gout in her right first MTP joint approximately two months ago, which resolved with medication. She is taking allopurinol as prescribed with no recent flares or side effects.
- Reflux / GI: Placed on omeprazole and recommended dietary modifications. She reports partial dietary changes, but continues to experience morning vomiting, persistent abdominal pain, and constant abdominal bloating. Denies diarrhea, blood in stool, unpredicted weight loss, fever, or chills. Her last bowel movement was 2 days ago and was normal.

REVIEW OF SYSTEMS
Constitutional: Denies fever, chills, or weight loss.
Gastrointestinal: Endorses morning vomiting, abdominal pain, and abdominal bloating. Denies diarrhea or hematochezia.
Musculoskeletal: Endorses history of right knee arthritis and right big toe gout; reports overall improvement in joint pain and no recent gout flares.

PHYSICAL EXAM
Vitals: Reviewed and noted to be within normal limits.
Cardiovascular: Heart sounds normal.
Pulmonary: Lungs clear to auscultation.
Abdomen: Abdominal tenderness to palpation in the right upper quadrant (RUQ). No rebound, guarding, or peritoneal signs.
Musculoskeletal: Right knee demonstrates a slight effusion, mild tenderness to palpation, and decreased range of motion.

RESULTS
- Autoimmune Panel: Normal / unremarkable.
- Right Knee X-Ray: No acute fracture; shows residual arthritis.

ASSESSMENT AND PLAN
1. Gastroesophageal Reflux Disease / Vomiting / RUQ Abdominal Pain (ICD-10: K21.9 - Gastro-esophageal reflux disease without esophagitis; R11.2 - Nausea with vomiting, unspecified; R10.11 - Right upper quadrant abdominal pain):
- Assess: Symptoms refractory to conservative management, with new morning actual vomiting and RUQ tenderness on exam, concerning for gallbladder pathology (e.g., cholelithiasis) vs. persistent peptic disease.
- Monitor: Laboratory findings and diagnostic ultrasound results.
- Treat: Continue Omeprazole 40 mg PO daily. Continue dietary modifications. Order Right Upper Quadrant (RUQ) abdominal ultrasound and routine blood work.
*SAFETY / CLINICIAN REVIEW FLAG:* Patient presents with persistent actual vomiting and right upper quadrant abdominal tenderness. Monitor closely for signs of acute cholecystitis or biliary obstruction while ultrasound results are pending.

2. Gout (ICD-10: M10.9 - Gout, unspecified):
- Assess: Stable and controlled. No acute flares since the right first MTP joint episode 2 months ago.
- Treat: Continue Allopurinol 100 mg PO daily (refill ordered).
- Monitor: Assess for recurrent gout flares or medication side effects.

3. Osteoarthritis, Right Knee (ICD-10: M17.11 - Primary osteoarthritis, right knee):
- Assess: Improved joint function and mobility following physical therapy; persistent mild effusion and decreased ROM noted on exam, consistent with residual arthritis on X-ray.
- Treat: Continue Pilates, weight training, and active joint use.
- Evaluate/Monitor: Monitor functional progress; evaluate for advanced imaging or orthopedic intervention if pain or mobility worsens."
virtassist,D2N007,"[doctor] and why is she here ? annual exam . okay . all right . hi , sarah . how are you ?
[patient] good . how are you ?
[doctor] i'm good . are you ready to get started ?
[patient] yes , i am .
[doctor] okay . so sarah is a 27-year-old female here for her annual visit . so , sarah , how have you been since the last time i saw you ?
[patient] i've been doing better . um , i've been struggling with my depression , um , a bit more just because we've been trapped really inside and remotely over the past year , so i've been struggling , um , off and on with that .
[doctor] okay . uh , and from looking at the notes , it looks like we've had you on , uh , prozac 20 milligrams a day .
[patient] yes .
[doctor] are , are you taking that ?
[patient] i am taking it . i think it's just a lot has been weighing on me lately .
[doctor] okay . um , and do you feel like you need an increase in your dose , or do you ... what are you thinking ? do you think that you just need to deal with some stress or you wan na try a , a different , uh , medication or ...
[patient] i think the , the medication has helped me in the past , and maybe just increasing the dose might help me through this patch .
[doctor] okay . all right . and , and what else has been going on with you ? i know that you've had this chronic back pain that we've been dealing with . how's that , how's that going ?
[patient] uh , i've been managing it . it's still , um , here nor there . just , just keeps , um , it really bothers me when i sit for long periods of time at , at my desk at work . so i have ... it helps when i get up and move , but it gets really stiff and it hurts when i sit down for long periods of time .
[doctor] okay , and do you get any numbing or tingling down your legs or any pain down leg versus the other ?
[patient] a little bit of numbing , but nothing tingling or hurting down my legs .
[doctor] okay , and does the , um , do those symptoms improve when you stand up or change position ?
[patient] yeah , it does .
[doctor] okay . all right . and any weakness in , in your legs ?
[patient] no , no weakness , just , just the weird numbing . like , it's , like , almost like it's falling asleep on me .
[doctor] okay . and are you able to , um , do your activities of daily living ? do you exercise , go to the store , that type of thing ?
[patient] yeah , i am . it bothers me when i'm on my feet for too long and sitting too long , just the extremes of each end .
[doctor] okay . and i know that you've had a coronary artery bypass grafting at the young age of 27 , so how's that going ?
[patient] yeah , i had con- i had a congenital ... you know , i had a congenital artery when i was a baby , so , um , they had to do a cabg on me , um , fairly young in life , but i've been ... my heart's been doing , doing well , and arteries have been looking good .
[doctor] okay . all right , well , let's go ahead and do a quick physical exam . um , so looking at you , you do n't appear in any distress . um , your neck , there's no thyroid enlargement . uh , your heart i hear a three out of six , systolic ejection murmur , uh , that's stable . your lungs otherwise sound clear . your abdomen is soft , and you do have some pain to palpation of your lumbar spine . uh , and you've had decreased flexion of your back . uh , your lower extremity strength is good , and there's no edema . so let's go ahead and look at some of your results . hey , dragon , show me the ecg . okay , so that looks basically unchanged from last year , which is really good . hey , dragon , show me the lumbar spine x-ray . hey , dragon , show me the back x-ray . great . so this looks good . that's also stable from last year . okay . so let's go ahead and , you know , my , my plan for you at this time , you know , from a chronic back pain standpoint , if you need , um , you know , some more physical therapy , and i can refer you to physical therapy to help with those symptoms that are kind of lingering .
[patient] mm-hmm .
[doctor] um , and we can always give you some pain medication if you , if you get some pain periodically with activity . how do you feel about that ? do you need some pain medication ?
[patient] no , i think physical therapy is the right way to , way to start out on this .
[doctor] okay . hey , dragon , order physical therapy referral . and then in terms of your depression , we talked about increasing your prozac , so we'll increase it from 20 milligrams to 40 milligrams . it's just one tablet once a day .
[patient] okay .
[doctor] um , and i'll send those to your pharmacy . does that sound okay ?
[patient] that sounds great .
[doctor] hey , dragon , order prozac , 40 milligrams , once a day . and then in terms of your ... the heart bypass that you've had ... let's go ahead and just order another echocardiogram for you , and i wan na continue you on the aspirin for now , okay ?
[patient] okay .
[doctor] hey , dragon , order an echocardiogram . hey , dragon , order aspirin 81 milligrams daily . okay , so the nurse will come in . she'll help you schedule those things , and we'll go from there , okay ?
[patient] okay .
[doctor] all right , take care .
[patient] thank you .
[doctor] hey , dragon , finalize the note .
","CHIEF COMPLAINT

Annual visit.

HISTORY OF PRESENT ILLNESS

The patient is a 27-year-old female who presents for her annual visit. The patient reports that she has been doing better since her last visit. She reports that she has been struggling with her depression off and on for the past year. The patient notes that it might be due been trapped inside and remotely over the past year. She reports that she is taking Prozac 20 mg, but she believes that it has been weighing on her lately. She notes that an increase in her Prozac dose might be beneficial for her at this time.

The patient reports that she has had chronic back pain that she has been managing. She reports that she experiences stiffness and pain when she sits or stands for long periods of time at her desk at work. She reports that it helps when she gets up and moves. She reports that she has a little bit of numbness down her legs, but no tingling or pain down her legs. She reports that the symptoms improve when she stands up or changes positions. She denies any weakness in her legs.

She reports that she has had a coronary artery bypass grafting. She reports that she had a congenital artery when she was a baby and they had to do a CABG on her fairly young age. She reports that her heart has been doing well and her arteries have been looking good.

REVIEW OF SYSTEMS

• Musculoskeletal: Endorses back pain.
• Neurological: Endorses numbness in legs.
• Psychiatric: Endorses depression.

PHYSICAL EXAMINATION

• Constitutional: in no apparent distress.
• Neck: Supple without thyromegaly.
• Respiratory: Lungs are clear to auscultation bilaterally. No wheezes, rales, or rhonchi.
• Cardiovascular: 3/6 systolic ejection murmur, stable.
• Musculoskeletal: Pain to palpation of the lumbar spine. Decreased flexion of back. Lower extremity strength is good.

RESULTS

Echocardiogram appears unchanged in comparison to last year.

X-rays of the lumbar spine stable in comparison to last year.

ASSESSMENT

The patient is a 27-year-old female who presents today for an annual followup of chronic conditions.

Chronic back pain.
• Medical Reasoning: She is experiencing worsened pain with sitting for extended periods of time.
• Medical Treatment: Physical therapy referral ordered. Patient would like to defer pain medication at this time.

Depression
• Medical Reasoning: The patient was previously doing well on Prozac 20 mg once daily but feels as though she needs a higher dose at this time.
• Medical Treatment: Increase Prozac to 40 mg once daily. Prescription submitted.

History of coronary artery bypass graft.
• Medical Reasoning: She is doing well at this time. We will continue to monitor this.
• Medical Treatment: Echocardiogram ordered. Continue aspirin 81 mg daily.
","CHIEF COMPLAINT
Annual physical examination.

HISTORY OF PRESENT ILLNESS
Sarah is a 27-year-old female presenting for her annual physical examination. 
- Depression: Patient reports struggling off and on with depression over the past year, exacerbated by feeling trapped indoors and working remotely. She currently takes Prozac 20 mg daily. She feels the medication was previously helpful and agrees to try a dose increase to manage current stressors.
- Chronic Back Pain: She reports ongoing chronic back pain that is particularly bothered by prolonged sitting at her desk at work, as well as prolonged standing. Pain improves with movement and changing positions. She experiences mild numbness in her legs (describing it as feeling like they are ""falling asleep""), but denies leg tingling, leg pain, or leg weakness. She remains capable of performing her activities of daily living and exercise.
- History of Congenital Coronary Artery Anomaly / CABG: Patient reports a history of a congenital coronary artery defect requiring coronary artery bypass graft (CABG) surgery during infancy/childhood. She reports her heart has been doing well.

REVIEW OF SYSTEMS
- Constitutional: Denies acute distress.
- Cardiovascular: Reports heart is doing well. Denies chest pain.
- Musculoskeletal: Chronic back pain and stiffness.
- Neurological: Reports occasional numbness in lower extremities (""falling asleep"" sensation). Denies tingling or weakness in the legs.
- Psychiatric: Reports depressed mood off and on.

PHYSICAL EXAM
- General: In no acute distress.
- Neck: No thyroid enlargement.
- Cardiovascular: 3/6 systolic ejection murmur noted (stable).
- Lungs: Sound clear.
- Abdomen: Soft.
- Musculoskeletal / Spine: Pain on palpation of the lumbar spine. Decreased back flexion.
- Neurological / Extremities: Lower extremity strength is good bilaterally. No edema.

RESULTS
- ECG: Reviewed; unchanged and stable compared to last year.
- Lumbar Spine X-ray: Reviewed; unchanged and stable compared to last year.

ASSESSMENT AND PLAN
1. Depression (ICD-10: F32.A - Depression, unspecified): Patient experiencing mild exacerbation of depressive symptoms due to remote work and isolation. Currently on Prozac 20 mg daily. 
   - Plan: Increase Prozac to 40 mg PO once daily (1 tablet daily). Prescriptions sent to patient's pharmacy. Assessed status and discussed medication adjustment.
2. Chronic Low Back Pain (ICD-10: M54.50 - Low back pain, unspecified): Symptoms aggravated by prolonged sitting/standing; lumbar tenderness and reduced back flexion on exam. Lumbar spine X-ray stable.
   - Plan: Order referral for physical therapy. Patient declined oral pain medication at this time. Monitored imaging/exam and initiated therapy referral.
3. Personal History of Coronary Artery Bypass Graft / Congenital Coronary Anomaly (ICD-10: Z95.1 - Presence of aortocoronary bypass graft): Patient status post CABG as an infant for congenital coronary anomaly. Stable 3/6 systolic ejection murmur noted; ECG unchanged.
   - Plan: Order follow-up echocardiogram. Continue Aspirin 81 mg PO daily. Evaluated cardiac status and monitored diagnostic tests.

*SAFETY / CLINICIAN REVIEW FLAG:* 
- Discrepancy Note: The clinician stated during the encounter that CABG occurred ""at the young age of 27."" However, the patient clarified that the surgery was performed when she was a baby due to a congenital coronary artery anomaly. The history above reflects CABG in infancy/childhood to ensure accuracy in medical records.","CHIEF COMPLAINT
Annual physical examination.

HISTORY OF PRESENT ILLNESS
Sarah is a 27-year-old female presenting for her annual physical examination.
- Depression: Patient reports struggling off and on with depression over the past year, exacerbated by feeling trapped indoors and working remotely. She currently takes Prozac 20 mg daily. She feels the medication was previously helpful and agrees to try a dose increase to manage current stressors.
- Chronic Back Pain: She reports ongoing chronic back pain that is particularly bothered by prolonged sitting at her desk at work, as well as prolonged standing. Pain improves with movement and changing positions. She experiences mild numbness in her legs (describing it as feeling like they are ""falling asleep""), but denies leg tingling, leg pain, or leg weakness. She remains capable of performing her activities of daily living and exercise.
- History of Congenital Coronary Artery Anomaly / CABG: Patient reports a history of a congenital coronary artery defect requiring coronary artery bypass graft (CABG) surgery during infancy/childhood. She reports her heart has been doing well.

REVIEW OF SYSTEMS
- Constitutional: Denies acute distress.
- Cardiovascular: Reports heart is doing well. Denies chest pain.
- Musculoskeletal: Chronic back pain and stiffness.
- Neurological: Reports occasional numbness in lower extremities (""falling asleep"" sensation). Denies tingling or weakness in the legs.
- Psychiatric: Reports depressed mood off and on.

PHYSICAL EXAM
- General: In no acute distress.
- Neck: No thyroid enlargement.
- Cardiovascular: 3/6 systolic ejection murmur noted (stable).
- Lungs: Sound clear.
- Abdomen: Soft.
- Musculoskeletal / Spine: Pain on palpation of the lumbar spine. Decreased back flexion.
- Neurological / Extremities: Lower extremity strength is good bilaterally. No edema.

RESULTS
- ECG: Reviewed; unchanged and stable compared to last year.
- Lumbar Spine X-ray: Reviewed; unchanged and stable compared to last year.

ASSESSMENT AND PLAN
1. Depression (ICD-10: F32.A - Depression, unspecified): Patient experiencing mild exacerbation of depressive symptoms due to remote work and isolation. Currently on Prozac 20 mg daily.
- Plan: Increase Prozac to 40 mg PO once daily (1 tablet daily). Prescriptions sent to patient's pharmacy. Assessed status and discussed medication adjustment.
2. Chronic Low Back Pain (ICD-10: M54.50 - Low back pain, unspecified): Symptoms aggravated by prolonged sitting/standing; lumbar tenderness and reduced back flexion on exam. Lumbar spine X-ray stable.
- Plan: Order referral for physical therapy. Patient declined oral pain medication at this time. Monitored imaging/exam and initiated therapy referral.
3. Personal History of Coronary Artery Bypass Graft / Congenital Coronary Anomaly (ICD-10: Z95.1 - Presence of aortocoronary bypass graft): Patient status post CABG as an infant for congenital coronary anomaly. Stable 3/6 systolic ejection murmur noted; ECG unchanged.
- Plan: Order follow-up echocardiogram. Continue Aspirin 81 mg PO daily. Evaluated cardiac status and monitored diagnostic tests.

*SAFETY / CLINICIAN REVIEW FLAG:*
- Discrepancy Note: The clinician stated during the encounter that CABG occurred ""at the young age of 27."" However, the patient clarified that the surgery was performed when she was a baby due to a congenital coronary artery anomaly. The history above reflects CABG in infancy/childhood to ensure accuracy in medical records."
virtassist,D2N008,"[doctor] hi , stephanie . how are you ?
[patient] i'm doing okay . how are you ?
[doctor] i'm doing okay . um , so i know the nurse talked to you about dax . i'd like to tell dax a little bit about you , okay ?
[patient] okay .
[doctor] so , stephanie is a 49-year-old female with a past medical history significant for congestive heart failure , kidney stones and prior colonoscopy who presents today for an abnormal lab finding . so , stephanie , i called you in today because your hemoglobin is low . um , how have you been feeling ?
[patient] over the past couple of months , i've been really tired and dizzy . lately , i've been really just worn out , even just , you know , walking a mile or going to work , doing things that i've done in the past every day that have been relatively okay , and i have n't gotten tired . and now , i've been getting tired .
[doctor] okay , yeah . i , you know , the nurse told me that you had called with these complaints . and i know that we have ordered some labs on you before the visit . and it did , it c- you know , your , your , your hemoglobin is your red blood cell count . and now , and that came back as a little low on the results , okay ? so , have you noticed any blood in your stools ?
[patient] uh , no , i have n't . i did about three years ago , um , and i did a colonoscopy for that , but nothing since then .
[doctor] okay , yeah . i remember that , okay . and how about , you know , do your stools look dark or tarry or black or anything like that ?
[patient] no , nothing like that .
[doctor] okay . and have you been , um , having any heavy menstrual bleeding or anything like that ?
[patient] no , not that i've noticed .
[doctor] okay , all right . and any , have you passed out at all , or anything like that ? any weight loss ?
[patient] no , no weight loss or passing out . i have felt a bit dizzy , but it has n't l- led to me passing out at all .
[doctor] okay . so , you endorse some dizziness . you endorse some fatigue . have you , but you have n't had any weight loss , loss of appetite , anything like that ?
[patient] no , nothing like that .
[doctor] okay , all right . so , you know , let's talk a little bit about that colonoscopy . i know you had a colonoscopy about three years ago and that showed that you had some mild diverticuli- diverticulosis . um , no issues since then ?
[patient] nope , no issues since then .
[doctor] okay , all right . and then i know that , uh , you know , you have this slightly reduced heart function , you know , your congestive heart failure . how have you been doing watching your salt intake ? i know that that's kind of been a struggle for you .
[patient] um , it's been more of a struggle recently . i've been traveling a lot . i went up to vermont , um , to go , um , explore the mountains . and along the way i stopped at , you know , mcdonald's and got two cheeseburgers . and so , i , i could be doing better . i've noticed some swelling in my , my legs . um , but nothing too extreme that where i thought i should call .
[doctor] okay , all right . and any shortness of breath or problems lying flat at night , anything like that ?
[patient] no , nothing like that .
[doctor] okay , all right . and then in terms of the kidney stones , i know that you had those a couple years ago , as well . any recent flare ups ? have you had any , any back pain , flank pain , anything like that ?
[patient] no , nothing like that .
[doctor] okay . any blood in your urine that you've seen ?
[patient] no .
[doctor] okay , all right . um , okay . well , i know that the nurse did a review of system sheet when you came in . and we've just talked a lot about your , your s- your symptoms , you know , your dizziness , your fatigue and that type of thing . anything else that i might have missed , fever chills , any nasal congestion , sore throat , cough ?
[patient] uh , i've had a little bit of nasal congestion just because with the seasons changing , i , i get seasonal allergies . but everything else has been okay .
[doctor] okay , all right . well , i'm gon na go ahead and do a quick physical exam , okay ?
[patient] okay .
[doctor] hey , dragon , show me the vital signs . so , here in the office today , your vital signs look great . your blood pressure is fine . your heart rates r- right where it should be , which is good , okay ? i'm just gon na do a quick exam . and i'll let you know what , what i find , okay ?
[patient] okay .
[doctor] all right . so , your physical , physical examination looks fine . so , on your heart exam , i do hear a three out of six systolic ejection murmur , which we've heard in the past , okay ? and on your lower extremities , i do notice some trace to one plus pitting edema in your ankles , which is probably from the salt intake , okay ?
[patient] mm-hmm .
[doctor] so , we'll talk about that . i wan na just look at some of your results , okay ?
[patient] okay .
[doctor] hey , dragon , show me the echocardiogram . so , i just wanted to go over the results of your last echocardiogram , that was about six months ago . that shows that you do have the low pumping function of , of your heart at about 45 % , which is not terrible . and it does show that you have some moderate mitral regurgitation . so , that's that slight heart murmur i heard in your exam , okay ? hey , dragon , show me the hemoglobin . and here , this is the hemoglobin that i was referring to . it's low at 8.2 , okay ? so , we'll have to talk a little bit about that , all right ?
[doctor] so , let me go over a little bit about my assessment and my plan for you , okay ? so , for you first problem this new anemia , uh , i wan na go ahead and send off some more labs and anemia profile , just to see exactly what type of anemia we're dealing with . i also wan na go and refer you back to the gastroenterologist for another evaluation , okay ? hey , dragon , order referral to gastroenterology . so , they're gon na do , uh , probably do an endoscopy and another colonoscopy on you . um , but again , i wan na send off those labs just to make sure that it's not something else , okay ?
[patient] okay .
[doctor] for your next problem your congestive heart failure , um , i do think you're retaining a little bit of fluid . so , i'm gon na go ahead and start you on some lasix 40 milligrams once a day . i want you to continue you on your toprol 50 milligrams daily . and as well your , as well , as your lisinopril 10 milligrams a day . i really want you to watch your salt intake , okay ? get a scale , weigh yourself every day . and call me if your weight starts to go up , okay ?
[patient] okay .
[doctor] 'cause i might need to give you more diuretic .
[patient] all right .
[doctor] and for your last problem your kidney stones , uh , i think everything seems to be fine right at this time . again , continue to watch your diet and stay hydrated . um , and i know that might be a little difficult with the diuretic , but do your best . uh , and give me a call if you have any question , okay ?
[patient] okay .
[doctor] all right . any questions right now ?
[patient] not that i can think of .
[doctor] okay , great . hey , dragon , finalize the note .","CHIEF COMPLAINT

Abnormal labs.

HISTORY OF PRESENT ILLNESS

Ms. Stephanie Diaz is a 49-year-old female with a past medical history significant for congestive heart failure, kidney stones, and prior colonoscopy, who presents today for abnormal labs.

The patient reports she has been really tired and dizzy over the past couple of months. She reports these symptoms while walking a mile, going to work, and performing daily tasks. She denies any blood in her stools recently but notes she had blood in her stool about 3 years ago and had a colonoscopy for that. She denies any black, tarry stools, heavy menstrual bleeding, unintentional weight loss, or syncope.

Ms. Diaz had a colonoscopy about 3 years ago due to blood in her stool. This showed mild diverticulitis. She denies issues since that time.

Regarding her congestive heart failure, she states she is not doing well with her salt intake. This has been more of a struggle recently as she has been traveling a lot. She has noticed some swelling in her legs but nothing too extreme.

The patient denies recent issues with kidney stones. She denies low back pain, flank pain, or blood in her urine.

Ms. Diaz notes she has had some nasal congestion but attributes this to the season changing. She gets seasonal allergies but everything else has been okay. The patient denies fever, chills, sore throat, or cough.

REVIEW OF SYSTEMS

• Constitutional: Denies fevers, chills, or weight loss. Endorses fatigue.
• Ears, Nose, Mouth and Throat: Endorses nasal congestion from allergies.
• Cardiovascular: Denies dyspnea.
• Respiratory: Denies cough, shortness of breath.
• Gastrointestinal: Denies hematochezia, melena.
• Musculoskeletal: Endorses bilateral leg swelling.
• Neurological: Endorses dizziness.

PHYSICAL EXAMINATION

• Cardiovascular: Grade 3/6 systolic ejection murmur.
• Musculoskeletal: Trace to 1+ edema in the bilateral ankles.

RESULTS

Echocardiogram demonstrates decreased ejection fraction of 45%. Moderate mitral regurgitation.

Hemoglobin is 8.2.

ASSESSMENT AND PLAN

Ms. Stephanie Diaz is a 49-year-old female with a past medical history significant for congestive heart failure, kidney stones, and prior colonoscopy, who presents today for abnormal labs.

Anemia.
• Medical Reasoning: This is a new issue. Her recent hemoglobin level was low at 8.2, but she denies any signs of gastrointestinal bleeding or urinary tract bleeding, as well as any abnormal menstrual bleeding. Her colonoscopy from 3 years ago demonstrated mild diverticulosis.
• Additional Testing: We will order an anemia profile for further evaluation.
• Specialist Referrals: We will refer her back to gastroenterology for repeat evaluation with possible endoscopy and colonoscopy.

Congestive heart failure.
• Medical Reasoning: She has noticed some lower extremity edema. Her echocardiogram from 6 months ago demonstrated a reduced ejection fraction of 45%, as well as moderate mitral regurgitation.
• Medical Treatment: We will initiate Lasix 40 mg once daily, and continue with Toprol 50 mg daily and lisinopril 10 mg daily.
• Patient Education and Counseling: She should continue to limit her sodium intake. I advised her to monitor her daily weights and notify me if these start to increase.

Kidney stones.
• Medical Reasoning: She as asymptomatic denies any recent flare ups.
• Patient Education and Counseling: I encouraged her to continue with dietary modifications and proper hydration. She will contact me with any questions or concerns.

Patient Agreements: The patient understands and agrees with the recommended medical treatment plan.
","CHIEF COMPLAINT
Abnormal lab finding (low hemoglobin), fatigue, and dizziness.

HISTORY OF PRESENT ILLNESS
Stephanie is a 49-year-old female with a past medical history of congestive heart failure, kidney stones, and a prior colonoscopy who presents for follow-up of an abnormal lab result showing low hemoglobin. She reports experiencing fatigue, dizziness, and feeling worn out over the past couple of months, particularly with routine daily activities such as walking a mile or working. She denies any gross blood in her stool, melena, or black/tarry stools. She notes a history of rectal bleeding 3 years ago for which a colonoscopy demonstrated mild diverticulosis, with no issues since. She denies heavy menstrual bleeding, syncope, weight loss, or loss of appetite.
Regarding her congestive heart failure, she reports recent difficulty maintaining a low-salt diet while traveling, including eating fast food. She has noticed lower extremity swelling in her legs, but denies shortness of breath or orthopnea. Regarding her kidney stones, she reports no recent flare-ups, back pain, flank pain, or hematuria.

REVIEW OF SYSTEMS
Constitutional: Positive for fatigue and dizziness. Negative for fever, chills, or weight loss.
ENT: Positive for mild nasal congestion due to seasonal allergies. Negative for sore throat.
Respiratory: Negative for cough or shortness of breath.
Cardiovascular: Positive for bilateral leg swelling. Negative for orthopnea.
Gastrointestinal: Negative for hematochezia, melena, or loss of appetite.
Genitourinary: Negative for hematuria or heavy menstrual bleeding.
Musculoskeletal/Renal: Negative for back pain or flank pain.
Neurological: Positive for dizziness. Negative for syncope.

PHYSICAL EXAM
Vitals: Blood pressure and heart rate are within normal/stable limits.
Cardiovascular: 3/6 systolic ejection murmur present.
Extremities: Trace to 1+ pitting edema in bilateral ankles.

RESULTS
Labs: Hemoglobin low at 8.2 g/dL.
Echocardiogram (6 months prior): Reduced ejection fraction of 45% and moderate mitral regurgitation.

ASSESSMENT AND PLAN
1. Anemia, unspecified (D64.9): New onset symptomatic anemia with a low hemoglobin of 8.2 g/dL. Order an anemia laboratory profile to evaluate etiology. Place a referral to Gastroenterology for evaluation, including potential endoscopy and repeat colonoscopy.
2. Congestive Heart Failure (I50.9): Reduced ejection fraction (45%) with mild fluid retention (trace to 1+ ankle edema) secondary to dietary sodium indiscretion. Start Lasix 40 mg PO daily. Continue Toprol 50 mg PO daily and Lisinopril 10 mg PO daily. Patient advised to strictly monitor sodium intake, weigh herself daily using a scale, and call the office if her weight increases.
3. Calculus of Kidney / Kidney Stones (N20.0): Stable with no recent flare-ups, back/flank pain, or hematuria. Advised to continue monitoring diet and maintain adequate hydration.","CHIEF COMPLAINT
Abnormal lab finding (low hemoglobin), fatigue, and dizziness.

HISTORY OF PRESENT ILLNESS
Stephanie is a 49-year-old female with a past medical history of congestive heart failure, kidney stones, and a prior colonoscopy who presents for follow-up of an abnormal lab result showing low hemoglobin. She reports experiencing fatigue, dizziness, and feeling worn out over the past couple of months, particularly with routine daily activities such as walking a mile or working. She denies any gross blood in her stool, melena, or black/tarry stools. She notes a history of rectal bleeding 3 years ago for which a colonoscopy demonstrated mild diverticulosis, with no issues since. She denies heavy menstrual bleeding, syncope, weight loss, or loss of appetite.
Regarding her congestive heart failure, she reports recent difficulty maintaining a low-salt diet while traveling, including eating fast food. She has noticed lower extremity swelling in her legs, but denies shortness of breath or orthopnea. Regarding her kidney stones, she reports no recent flare-ups, back pain, flank pain, or hematuria.

REVIEW OF SYSTEMS
Constitutional: Positive for fatigue and dizziness. Negative for fever, chills, or weight loss.
ENT: Positive for mild nasal congestion due to seasonal allergies. Negative for sore throat.
Respiratory: Negative for cough or shortness of breath.
Cardiovascular: Positive for bilateral leg swelling. Negative for orthopnea.
Gastrointestinal: Negative for hematochezia, melena, or loss of appetite.
Genitourinary: Negative for hematuria or heavy menstrual bleeding.
Musculoskeletal/Renal: Negative for back pain or flank pain.
Neurological: Positive for dizziness. Negative for syncope.

PHYSICAL EXAM
Vitals: Blood pressure and heart rate are within normal/stable limits.
Cardiovascular: 3/6 systolic ejection murmur present.
Extremities: Trace to 1+ pitting edema in bilateral ankles.

RESULTS
Labs: Hemoglobin low at 8.2 g/dL.
Echocardiogram (6 months prior): Reduced ejection fraction of 45% and moderate mitral regurgitation.

ASSESSMENT AND PLAN
1. Anemia, unspecified (D64.9): New onset symptomatic anemia with a low hemoglobin of 8.2 g/dL. Order an anemia laboratory profile to evaluate etiology. Place a referral to Gastroenterology for evaluation, including potential endoscopy and repeat colonoscopy.
2. Congestive Heart Failure (I50.9): Reduced ejection fraction (45%) with mild fluid retention (trace to 1+ ankle edema) secondary to dietary sodium indiscretion. Start Lasix 40 mg PO daily. Continue Toprol 50 mg PO daily and Lisinopril 10 mg PO daily. Patient advised to strictly monitor sodium intake, weigh herself daily using a scale, and call the office if her weight increases.
3. Calculus of Kidney / Kidney Stones (N20.0): Stable with no recent flare-ups, back/flank pain, or hematuria. Advised to continue monitoring diet and maintain adequate hydration."
virtassist,D2N009,"[doctor] hi , bryan . how are you ?
[patient] i'm doing well . i'm a little sore .
[doctor] yeah ?
[patient] yeah .
[doctor] all right , well , i know the nurse told you about dax . i'd like to tell dax a little bit about you , okay ?
[patient] that's fine .
[doctor] so bryan is a 55-year-old male with a past medical history significant for prior discectomy , who presents with back pain . so , bryan , what happened to your back ?
[patient] you ... my wife made me push a , uh , refrigerator out through the other room , and when i was helping to move it , i felt something in my back on the lower right side .
[doctor] okay , on the lower right side of this back ?
[patient] yes .
[doctor] okay . those wives , always making you do stuff .
[patient] yes .

[doctor] and what day did this happen on ? how long ago ?
[patient] uh , this was about five days ago .
[doctor] five days ago .
[patient] and , you know , i have that history of discectomy .
[doctor] yeah .
[patient] and i'm just worried that something happened .
[doctor] okay . all right . and , and what have you taken for the pain ?
[patient] um , i have , uh , been taking ibuprofen . uh , and i tried once tylenol and ibuprofen at the same time , and that gave me some relief .
[doctor] okay . all right . and have you had any symptoms like pain in your legs or numbing or tingling ?
[patient] um , no , nothing significant like that .
[doctor] okay , just the pain in your back .
[patient] just the pain in the back . it hurts to bend over .
[doctor] okay , and any problems with your bladder or your bowels ?
[patient] no , no .
[doctor] i know the nurse said to review a symptom sheet when you checked in .
[patient] mm-hmm .
[doctor] and i know that you were endorsing the back pain . any other symptoms ? chest pain ? shortness of breath ? abdominal pain ?
[patient] no .
[doctor] nausea ? vomiting ?
[patient] no other symptoms .
[doctor] okay . all right . well , let's go ahead and do a quick physical exam . hey , dragon , show me the vital signs . so your vital signs here in the office look really good . you do n't have a fever . your blood pressure's nice and controlled . so that ... that's good . i'm just gon na check out your back and your heart and your lungs , okay ?
[patient] okay .
[doctor] okay , so on physical examination , you know , your heart sounds great . there's ... it's a regular rate and rhythm . your lungs are nice and clear . on your back exam , you do have some pain to palpation of the right lumbar spine , uh , in the paraspinal muscles along with decreased flexion and extension of the back , and you have a positive straight leg on the right . or positive straight leg raise on the right , uh , but your strength is good bilaterally in your lower extremities . so that means that i think that you've injured your back .
[patient] okay .
[doctor] uh , but , you know , i think it's something that we can , we can fix , okay ?
[patient] okay , you do n't think there's anything wrong with the ... where i had the surgery before .
[doctor] i do n't think so .
[patient] okay .
[doctor] let's took at some of your results . hey , dragon , show me the back x-ray . so this is an x-ray of your lumbar spine . you know , there's good bony , bony alignment . i do n't see any fracture or anything like that . so that's a good sign . um , hey , dragon . show me the labs . and your labs here all look good , so i'm , i'm happy to see that . uh , so let's talk a little bit about my assessment and my plan for you , okay ?
[patient] okay .
[doctor] so i ... my assessment for your first problem , your back pain . i think you have a lumbar strain . i do n't think that anything else is going on , but i wan na go ahead and order an mri-
[patient] okay .
[doctor] just to be sure .
[patient] okay .
[doctor] okay ? and then i'm gon na prescribe you some meloxicam 15 milligrams once a day along with some ultram , 50 milligrams every four hours as needed , okay ?
[patient] okay .
[doctor] um , and then we'll go ahead and refer you to some physical therapy once we get the mri results back , okay ?
[patient] should i continue to take the tylenol and the ibuprofen ?
[doctor] you can stop the ibuprofen .
[patient] okay .
[doctor] you can take tylenol if you want .
[patient] okay .
[doctor] you know to call me if , if you need anything .
[patient] okay .
[doctor] okay ?
[patient] okay .
[doctor] any questions , uh , bryan ?
[patient] no , no questions .
[doctor] okay . hey , dragon , finalize the note .","CHIEF COMPLAINT

Back pain.

HISTORY OF PRESENT ILLNESS

Bryan Smith is a 55-year-old male with a past medical history significant for and prior discectomy, who presents with back pain.

The patient reports he felt something in the lower right side of his back while pushing a refrigerator up through another room. This happened about 5 days ago. The patient experiences pain while bending over. He has a history of a discectomy. He is worried that something happened. He has been taking ibuprofen, which has not been beneficial alone. With the combination of Tylenol and ibuprofen, he experiences symptomatic relief. He denies numbness and tingling in his legs, and any problems with his bladder or bowels.

REVIEW OF SYSTEMS

• Cardiovascular: Denies chest pain or dyspnea on exertion.
• Respiratory: Denies shortness of breath.
• Gastrointestinal: Denies hematemesis, hematochezia, melena, heartburn, or abdominal pain.
• Genitourinary: Denies urinary urgency, pain, or incontinence.
• Musculoskeletal: Endorses lower right side back pain.

PHYSICAL EXAMINATION

• Respiratory: Lungs are clear to auscultation bilaterally. No wheezes, rales, or rhonchi.
• Cardiovascular: Regular rate and rhythm. No murmurs, gallops, or rubs. No extra heart sounds.
• Musculoskeletal: Pain to palpation to the right lumbar spine and the paraspinal muscles. Decreased flexion and extension of the back. Positive straight leg raise on the right. Strength is good bilaterally in the lower extremities.

RESULTS

X-ray of the lumbar spine is unremarkable. Normal bony alignment. No fractures were noted.

Labs: Within normal limits.

ASSESSMENT AND PLAN

Bryan Smith is a 55-year-old male with a past medical history significant for prior discectomy, who presents with back pain.

Lumbar strain.
• Medical Reasoning: He reports right-sided low back after moving a refrigerator approximately 5 days ago. X-ray of his lumbar spine is unremarkable. I do not believe this is related to his previous discectomy.
• Additional Testing: We will order a MRI of the lumbar spine for further evaluation.
• Medical Treatment: Initiate meloxicam 15 mg once daily, as well as Ultram 50 mg every 4 hours as needed.
• Specialist Referrals: We will refer him to physical therapy to be started after we get his MRI results back.
• Patient Education and Counseling: I advised the patient to discontinue the use of ibuprofen, but he may continue using Tylenol if he wishes.

Patient Agreements: The patient understands and agrees with the recommended medical treatment plan.","CHIEF COMPLAINT
Lower right back pain.

HISTORY OF PRESENT ILLNESS
Bryan is a 55-year-old male with a history of a prior lumbar discectomy who presents with lower right back pain that began 5 days ago after helping his wife move a refrigerator. He felt a sharp or painful sensation in the lower right side of his back during the exertion. He reports that bending over exacerbates the pain. He expresses concern that this injury might be related to his previous discectomy site. 

For symptom management, he has been taking ibuprofen and noted moderate relief when taking ibuprofen and Tylenol together. He denies leg pain, numbness, tingling, or any bowel or bladder dysfunction.

REVIEW OF SYSTEMS
- Constitutional: No fever.
- Cardiovascular: Denies chest pain.
- Respiratory: Denies shortness of breath.
- Gastrointestinal: Denies abdominal pain, nausea, or vomiting. Denies bowel dysfunction.
- Genitourinary: Denies bladder dysfunction.
- Musculoskeletal: Positive for lower right back pain and discomfort with trunk flexion. Denies significant lower extremity pain, numbness, or tingling.

PHYSICAL EXAM
- Vitals: Afebrile. Blood pressure is well-controlled.
- Cardiovascular: Regular rate and rhythm. Heart sounds normal.
- Pulmonary: Lungs clear to auscultation bilaterally.
- Musculoskeletal / Back: Tenderness to palpation over the right lumbar paraspinal muscles. Decreased lumbar flexion and extension.
- Neurological: Positive straight leg raise on the right. Bilateral lower extremity strength is preserved (5/5).

RESULTS
- Lumbar Spine X-ray: Preserved bony alignment with no evidence of fracture.
- Laboratory Studies: Reviewed and within normal limits.

ASSESSMENT AND PLAN
1. Acute lumbar strain (S39.012A)
   - Assessment: 55-year-old male with acute lower right lumbar paraspinal strain secondary to heavy lifting. Symptoms do not currently appear related to prior discectomy.
   - Monitor/Evaluate: Order MRI of the lumbar spine to rule out underlying structural pathology prior to initiating physical therapy.
   - Treat:
     * Prescribe Meloxicam 15 mg PO once daily.
     * Prescribe Ultram (tramadol) 50 mg PO every 4 hours as needed for pain.
     * Advised to discontinue Ibuprofen while taking Meloxicam. May continue Tylenol as needed.
     * Refer to Physical Therapy following review of MRI results.
     * Patient advised to call the clinic if symptoms worsen or if new neurological symptoms develop.","CHIEF COMPLAINT
Lower right back pain.

HISTORY OF PRESENT ILLNESS
Bryan is a 55-year-old male with a history of a prior lumbar discectomy who presents with lower right back pain that began 5 days ago after helping his wife move a refrigerator. He felt a sharp or painful sensation in the lower right side of his back during the exertion. He reports that bending over exacerbates the pain. He expresses concern that this injury might be related to his previous discectomy site.

For symptom management, he has been taking ibuprofen and noted moderate relief when taking ibuprofen and Tylenol together. He denies leg pain, numbness, tingling, or any bowel or bladder dysfunction.

REVIEW OF SYSTEMS
- Constitutional: No fever.
- Cardiovascular: Denies chest pain.
- Respiratory: Denies shortness of breath.
- Gastrointestinal: Denies abdominal pain, nausea, or vomiting. Denies bowel dysfunction.
- Genitourinary: Denies bladder dysfunction.
- Musculoskeletal: Positive for lower right back pain and discomfort with trunk flexion. Denies significant lower extremity pain, numbness, or tingling.

PHYSICAL EXAM
- Vitals: Afebrile. Blood pressure is well-controlled.
- Cardiovascular: Regular rate and rhythm. Heart sounds normal.
- Pulmonary: Lungs clear to auscultation bilaterally.
- Musculoskeletal / Back: Tenderness to palpation over the right lumbar paraspinal muscles. Decreased lumbar flexion and extension.
- Neurological: Positive straight leg raise on the right. Bilateral lower extremity strength is preserved (5/5).

RESULTS
- Lumbar Spine X-ray: Preserved bony alignment with no evidence of fracture.
- Laboratory Studies: Reviewed and within normal limits.

ASSESSMENT AND PLAN
1. Acute lumbar strain (S39.012A)
- Assessment: 55-year-old male with acute lower right lumbar paraspinal strain secondary to heavy lifting. Symptoms do not currently appear related to prior discectomy.
- Monitor/Evaluate: Order MRI of the lumbar spine to rule out underlying structural pathology prior to initiating physical therapy.
- Treat:
* Prescribe Meloxicam 15 mg PO once daily.
* Prescribe Ultram (tramadol) 50 mg PO every 4 hours as needed for pain.
* Advised to discontinue Ibuprofen while taking Meloxicam. May continue Tylenol as needed.
* Refer to Physical Therapy following review of MRI results.
* Patient advised to call the clinic if symptoms worsen or if new neurological symptoms develop."
virtassist,D2N010,"[doctor] hi keith , how are you ?
[patient] ah , not too good . my blood sugar is n't under control .
[doctor] and , uh , so keith is a 58-year-old male here for evaluation of high blood sugar . so , what happened ? ha- have you just been taking your blood sugars at home and noticed that they're really high ? or ?
[patient] yeah i've been taking them at home and i feel like they've been creeping up slightly .
[doctor] have- ... what have they been running , in like the 200's or 300's ?
[patient] 300's .
[doctor] they've been running in the 300's ? and tell me about your diet . have you been eating anything to spark- ... spike them up ?
[patient] to be honest my diet has n't changed much .
[doctor] okay . have you- ... go ahead .
[patient] actually it has n't changed at all . much of the same .
[doctor] okay and what do you con- consider the same ? are you eating lots of sugar ? like , teas and coffees and-
[patient] i do n't take sugar with my tea .
[doctor] okay , all right . and how about , um , like any added sugars into any kind of processed foods or anything like that ?
[patient] uh , i think most of my sugars come from fruit .
[doctor] from what ?
[patient] fruit .
[doctor] fruit , okay .
[patient] yeah .
[doctor] all right . um , and have you been feeling sick recently ? have you had any fever or chills ?
[patient] uh , i have not .
[doctor] body aches , joint pain ?
[patient] uh , a bit of joint pain .
[doctor] multiple joints , or just one joint ?
[patient] uh , my knee . uh , sorry , right knee to be more exact .
[doctor] your right knee ?
[patient] yeah .
[doctor] okay . and what happened ?
[patient] ah , to be honest , nothing much . i just noticed it when you said it .
[doctor] okay , all right . um , and how about any nausea or vomiting or belly pain ?
[patient] uh , i was nauseous a couple of days back but , uh , that's just because i was sitting in the back of a car . i hate that .
[doctor] okay . all right . and no burning when you urinate or anything like that ?
[patient] not at all .
[doctor] okay . all right . so , um ... you know , i know that you've had this reflux in the past . how are you doing with that ? are you still having a lot of reflux symptoms or do you feel like it's better since we've put you on the protonix ?
[patient] i think it's a bit better . uh , i do n't get up at night anymore with reflux and that's always a good thing .
[doctor] okay , all right . and i know you have this history of congestive heart failure . have you noticed any recent , uh , weight gain or fluid retention ?
[patient] um , not really .
[doctor] no ? okay . um , and any problems sleeping while laying flat ?
[patient] uh , i- i prefer to sleep on my side so i ca n't really say .
[doctor] okay , but even then , you're flat .
[patient] yup , yeah .
[doctor] okay . all right . and i know that we had an issue with your right rotator cuff , is that okay ?
[patient] it's surprisingly good now .
[doctor] okay , all right . all right , well let's go ahead and we'll do a quick physical exam . so ... feeling your neck , i do feel like your thyroid's a bit enlarged here . um , your heart is nice and regular . your lungs are clear . your abdomen , um , is nice and soft . your right knee shows that you have some erythema and- and an insect bite with associated fluctuants . and , um , you have some lower extremity edema on the right hand side . so let's go ahead and look at some of your results . i know the nurse had reported these things and we ordered some labs on you before you came in . hey dragon , show me the vital signs . okay , well your- your vital signs look good , which is good . hey dragon , show me the lyme titer . okay , so , you know , your lyme titer is a little elevated , so i think we'll have to go ahead and- and look into that a little bit , okay ?
[patient] makes sense .
[doctor] that can certainly cause your blood sugar to be elevated . um , hey dragon , uh , show me the rapid strep . and you also have , uh , positive for strep . so i think we have some reasons as to why your blood sugar is so high . so my impression of you , you know , you have this hyperglycemia , which is probably related to some infections going on in your body . um , from a- a- a rapid strep standpoint we're gon na go ahead and treat you with penicillin or , i'm sorry , amoxicillin , 500 milligrams , three times a day . uh , make sure you take it all , even if you start feeling better , okay ?
[patient] for sure .
[doctor] hey dragon , order amoxicillin , 500 milligrams , three times a day for 10 days . um ... okay . and from ... , and from all- ... a positive lyme titer aspect , we should go ahead and order a western blot , just pcr to see if you have any , um , to see if it's actually acute lyme , okay ?
[patient] okay .
[doctor] okay . um , hey dragon , order a western blot pcr for lyme . okay . all right . well we'll go ahead and , um , the nurse will come in soon and she'll set you up with these tests , okay ?
[patient] yeah . you said lyme . is that related to lyme disease ?
[doctor] yes it is , yeah .
[patient] you're certain i do n't have alpha-gal syndrome though , right ? i'm terrified of that one .
[doctor] have what ?
[patient] alpha-gal syndrome , the one where a tick bites you and you get an allergic reaction to meat .
[doctor] yeah , i do n't think so . have you eaten meat over the last couple of days ?
[patient] i have .
[doctor] okay . well i- ... it's , you know , your blood sugar's elevated so you might be having an inflammatory response to that , but we'll go ahead and order some tests to look into it , okay ?
[patient] that sounds good .
[doctor] all right . call me if anything happens , okay ?
[patient] definitely .
[doctor] all right . hey dragon , finalize the note .","CHIEF COMPLAINT

High blood sugar.

HISTORY OF PRESENT ILLNESS

The patient is a 58-year-old male who presents for evaluation of high blood sugar.

The patient states he has been taking his blood sugars at home, and they have been in the 300 's. He notes that his diet has not changed much. He does not eat processed food, nor does he put sugar in his tea. The patient reports that he thinks the sugar in his diet is from fruit. He denies any fever, chills, or body aches. He endorses joint pain in his right knee; however, he notes that he just noticed the joint pain when asked. He states he was nauseous for a couple of days but that was because he was sitting in the back of a car. He denies any burning with urination.

The patient has a history of congestive heart failure. He denies any recent weight gain or fluid retention. He has no problems laying flat.

The patient has a history of right rotator cuff issues which he notes are doing well.

He notes that his reflux is doing better. The patient reports that he no longer gets up at night from reflux.

REVIEW OF SYSTEMS

• Constitutional: Negative for fever, chills or unintentional weight changes.
• Musculoskeletal: Positive for right knee pain.

PHYSICAL EXAMINATION

Neck
• General Examination: Neck is supple, mild thyromegaly noted.

Respiratory
• Auscultation of Lungs: Clear bilaterally.

Cardiovascular
• Auscultation of Heart: Regular rate and rhythm.

Gastrointestinal
• Examination of Abdomen: Soft.

Musculoskeletal
• Examination: Right knee shows some erythema and insect bite with associated fluctuance. Trace edema in the right lower extremity.ß

RESULTS

Lyme titer: elevated.

Rapid strep test: positive.

ASSESSMENT AND PLAN

The patient is a 58-year-old male who presents for evaluation of high blood sugar.

Hyperglycemia
• Medical Reasoning: This is likely related to an inflammatory response as the patient had an elevated Lyme titer and positive rapid strep test.
• Additional Testing: We will order a western blot PCR to evaluate for Lyme disease.
• Medical Treatment: We are going to treat him with amoxicillin 500 mg 3 times a day for 10 days.

Patient Agreements: The patient understands and agrees with the recommended medical treatment plan.","CHIEF COMPLAINT
Evaluation of elevated blood sugar.

HISTORY OF PRESENT ILLNESS
Keith is a 58-year-old male with a medical history of congestive heart failure (CHF), gastroesophageal reflux disease (GERD), and a right rotator cuff injury who presents for evaluation of elevated blood glucose levels. He reports that his home blood glucose readings have been creeping up into the 300s. His diet has remained unchanged; he does not put sugar in his tea and attributes most of his dietary sugar intake to fruit. On questioning, he notes mild right knee joint pain without history of acute injury. He reports an episode of nausea two days ago, which he attributes to motion sickness from riding in the back of a car. He denies fever, chills, generalized body aches, or dysuria. 

Regarding his chronic conditions, his GERD has improved on Protonix, and he no longer wakes up at night with reflux symptoms. He reports no recent weight gain or fluid retention related to his CHF. His right rotator cuff symptoms have significantly improved. The patient also expressed concern regarding potential alpha-gal syndrome following tick exposure; however, he notes he has eaten meat over the last couple of days without an allergic reaction.

REVIEW OF SYSTEMS
Constitutional: Negative for fever or chills.
Cardiovascular: Negative for reported recent weight gain or fluid retention.
Gastrointestinal: Positive for transient motion-induced nausea 2 days ago. Negative for abdominal pain or vomiting. GERD symptoms improved.
Genitourinary: Negative for dysuria or burning with urination.
Musculoskeletal: Positive for mild right knee pain; negative for generalized body aches. Right rotator cuff asymptomatic.

PHYSICAL EXAM
Neck: Thyroid is slightly enlarged on palpation.
Cardiovascular: Heart rate and rhythm regular.
Lungs: Clear to auscultation bilaterally.
Abdomen: Soft, non-tender.
Extremities/Skin: Right knee displays erythema and an insect bite with associated fluctuance. Right lower extremity edema present.

RESULTS
- Vital Signs: Reviewed and within normal limits.
- Lyme Titer: Elevated.
- Rapid Strep Test: Positive.

ASSESSMENT AND PLAN
1. Hyperglycemia (ICD-10: R73.9) - Blood glucose levels elevated in the 300s, likely secondary to underlying infection and inflammatory response.
   - Assess: Evaluated home blood sugar logs and underlying infectious triggers.
   - Monitor: Patient will continue home blood glucose monitoring.

2. Streptococcal Pharyngitis / Positive Rapid Strep (ICD-10: J02.0) - Acute infection identified on rapid strep testing.
   - Treat: Prescribed Amoxicillin 500 mg PO TID for 10 days. Educated patient on completing the full course of antibiotics.

3. Elevated Lyme Titer / Right Knee Insect Bite (ICD-10: R76.8 / S80.811A) - Positive Lyme titer in setting of right knee insect bite with erythema and fluctuance.
   - Evaluate: Ordered Western Blot PCR for Lyme disease to assess for acute Lyme infection.
   - Monitor: Monitor knee lesion and systemic symptoms.
   - **[CLINICAL SAFETY FLAG FOR CLINICIAN REVIEW]**: Physical exam noted fluctuance at the right knee insect bite site along with localized edema and erythema. Fluctuance raises concern for a localized bacterial skin abscess requiring evaluation for potential Incision & Drainage (I&D) and targeted soft-tissue antibiotic coverage. Additionally, evaluate whether empiric Lyme coverage (e.g., Doxycycline) is indicated while Western Blot PCR results are pending.

4. Gastroesophageal Reflux Disease (GERD) (ICD-10: K21.9) - Stable and improved; no nocturnal symptoms.
   - Assess/Evaluate: Assessed response to proton pump inhibitor therapy; symptoms well-controlled.
   - Treat: Continue Protonix as prescribed.

5. Congestive Heart Failure (CHF) (ICD-10: I50.9) - Patient reports no recent weight gain, though right lower extremity edema was noted on exam.
   - Assess/Evaluate: Evaluated for symptoms of volume overload.
   - Monitor: Monitor for lower extremity edema, weight changes, orthopnea, or dyspnea.

6. Thyroid Enlargement (ICD-10: E04.9) - Mild thyroid enlargement noted on physical exam.
   - Assess/Evaluate: Palpated on exam; clinical correlation and ongoing assessment advised.

7. Concern for Alpha-Gal Syndrome (ICD-10: Z71.1) - Patient expresses fear of alpha-gal syndrome; recently tolerated meat without allergic reaction.
   - Assess/Evaluate: Low clinical suspicion based on recent uncomplicated meat ingestion; reassurance provided. Additional inflammatory/lab workup ordered to evaluate response.","CHIEF COMPLAINT
Evaluation of elevated blood sugar.

HISTORY OF PRESENT ILLNESS
Keith is a 58-year-old male with a medical history of congestive heart failure (CHF), gastroesophageal reflux disease (GERD), and a right rotator cuff injury who presents for evaluation of elevated blood glucose levels. He reports that his home blood glucose readings have been creeping up into the 300s. His diet has remained unchanged; he does not put sugar in his tea and attributes most of his dietary sugar intake to fruit. On questioning, he notes mild right knee joint pain without history of acute injury. He reports an episode of nausea two days ago, which he attributes to motion sickness from riding in the back of a car. He denies fever, chills, generalized body aches, or dysuria.

Regarding his chronic conditions, his GERD has improved on Protonix, and he no longer wakes up at night with reflux symptoms. He reports no recent weight gain or fluid retention related to his CHF. His right rotator cuff symptoms have significantly improved. The patient also expressed concern regarding potential alpha-gal syndrome following tick exposure; however, he notes he has eaten meat over the last couple of days without an allergic reaction.

REVIEW OF SYSTEMS
Constitutional: Negative for fever or chills.
Cardiovascular: Negative for reported recent weight gain or fluid retention.
Gastrointestinal: Positive for transient motion-induced nausea 2 days ago. Negative for abdominal pain or vomiting. GERD symptoms improved.
Genitourinary: Negative for dysuria or burning with urination.
Musculoskeletal: Positive for mild right knee pain; negative for generalized body aches. Right rotator cuff asymptomatic.

PHYSICAL EXAM
Neck: Thyroid is slightly enlarged on palpation.
Cardiovascular: Heart rate and rhythm regular.
Lungs: Clear to auscultation bilaterally.
Abdomen: Soft, non-tender.
Extremities/Skin: Right knee displays erythema and an insect bite with associated fluctuance. Right lower extremity edema present.

RESULTS
- Vital Signs: Reviewed and within normal limits.
- Lyme Titer: Elevated.
- Rapid Strep Test: Positive.

ASSESSMENT AND PLAN
1. Hyperglycemia (ICD-10: R73.9) - Blood glucose levels elevated in the 300s, likely secondary to underlying infection and inflammatory response.
- Assess: Evaluated home blood sugar logs and underlying infectious triggers.
- Monitor: Patient will continue home blood glucose monitoring.

2. Streptococcal Pharyngitis / Positive Rapid Strep (ICD-10: J02.0) - Acute infection identified on rapid strep testing.
- Treat: Prescribed Amoxicillin 500 mg PO TID for 10 days. Educated patient on completing the full course of antibiotics.

3. Elevated Lyme Titer / Right Knee Insect Bite (ICD-10: R76.8 / S80.811A) - Positive Lyme titer in setting of right knee insect bite with erythema and fluctuance.
- Evaluate: Ordered Western Blot PCR for Lyme disease to assess for acute Lyme infection.
- Monitor: Monitor knee lesion and systemic symptoms.
- **[CLINICAL SAFETY FLAG FOR CLINICIAN REVIEW]**: Physical exam noted fluctuance at the right knee insect bite site along with localized edema and erythema. Fluctuance raises concern for a localized bacterial skin abscess requiring evaluation for potential Incision & Drainage (I&D) and targeted soft-tissue antibiotic coverage. Additionally, evaluate whether empiric Lyme coverage (e.g., Doxycycline) is indicated while Western Blot PCR results are pending.

4. Gastroesophageal Reflux Disease (GERD) (ICD-10: K21.9) - Stable and improved; no nocturnal symptoms.
- Assess/Evaluate: Assessed response to proton pump inhibitor therapy; symptoms well-controlled.
- Treat: Continue Protonix as prescribed.

5. Congestive Heart Failure (CHF) (ICD-10: I50.9) - Patient reports no recent weight gain, though right lower extremity edema was noted on exam.
- Assess/Evaluate: Evaluated for symptoms of volume overload.
- Monitor: Monitor for lower extremity edema, weight changes, orthopnea, or dyspnea.

6. Thyroid Enlargement (ICD-10: E04.9) - Mild thyroid enlargement noted on physical exam.
- Assess/Evaluate: Palpated on exam; clinical correlation and ongoing assessment advised.

7. Concern for Alpha-Gal Syndrome (ICD-10: Z71.1) - Patient expresses fear of alpha-gal syndrome; recently tolerated meat without allergic reaction.
- Assess/Evaluate: Low clinical suspicion based on recent uncomplicated meat ingestion; reassurance provided. Additional inflammatory/lab workup ordered to evaluate response."
